"IntZone","IntZoneName","CPP","Attainment","employment_rate","income_rate","access_deprived_rate"
"S02001236","Culter","Aberdeen City",5.9,5.8,7,11.2
"S02001237","Cults, Bieldside and Milltimber West","Aberdeen City",6.2,2.6,2,56.6
"S02001238","Cults, Bieldside and Milltimber East","Aberdeen City",6.4,2.8,3,38
"S02001239","Garthdee","Aberdeen City",4.9,8.5,13,0
"S02001240","Braeside, Mannofield, Broomhill and Seafield East","Aberdeen City",5.8,2.8,3,0
"S02001241","Braeside, Mannofield, Broomhill and Seafield South","Aberdeen City",6.1,2.5,2,0
"S02001242","Braeside, Mannofield, Broomhill and Seafield North","Aberdeen City",6,1.9,2,0
"S02001243","Hazlehead","Aberdeen City",6,5.3,5,24
"S02001244","Summerhill","Aberdeen City",5.3,10.8,12,0
"S02001245","Midstocket","Aberdeen City",6,3.2,3,0
"S02001246","Rosemount","Aberdeen City",5.8,6.2,7,0
"S02001247","West End North","Aberdeen City",6.4,1.3,2,0
"S02001248","West End South","Aberdeen City",6.3,2.8,3,0
"S02001249","City Centre West","Aberdeen City",5.2,5.2,7,0
"S02001250","City Centre East","Aberdeen City",4.4,7.8,9,0
"S02001251","Ferryhill North","Aberdeen City",5.5,3.5,4,0
"S02001252","Ferryhill South","Aberdeen City",5.5,4.7,5,0
"S02001253","Kincorth, Leggart and Nigg North","Aberdeen City",5.2,10.6,13,0
"S02001254","Kincorth, Leggart and Nigg South","Aberdeen City",5.2,6.4,8,33.7
"S02001255","Cove South","Aberdeen City",5.6,2.7,3,0
"S02001256","Cove North","Aberdeen City",5.4,5.5,5,0
"S02001257","Torry West","Aberdeen City",4.9,12.8,16,0
"S02001258","Torry East","Aberdeen City",4.7,16.2,22,0
"S02001259","Hanover South","Aberdeen City",5.2,9.4,12,0
"S02001260","Hanover North","Aberdeen City",5.1,6.9,7,0
"S02001261","George Street","Aberdeen City",5.3,8.5,10,0
"S02001262","Ashgrove","Aberdeen City",5.5,9.7,11,0
"S02001263","Froghall, Powis and Sunnybank","Aberdeen City",4.9,5.4,8,0
"S02001264","Seaton","Aberdeen City",5,11.5,15,0
"S02001265","Old Aberdeen","Aberdeen City",4.9,7,10,0
"S02001266","Tillydrone","Aberdeen City",5.2,14.4,18,0
"S02001267","Woodside","Aberdeen City",4.8,16.7,22,0
"S02001268","Hilton","Aberdeen City",5.6,6.2,8,0
"S02001269","Stockethill","Aberdeen City",5.2,13,15,0
"S02001270","Mastrick","Aberdeen City",5,13.2,17,0
"S02001271","Sheddocksley","Aberdeen City",5.1,12,14,16.5
"S02001272","Cummings Park","Aberdeen City",4.9,10.9,16,0
"S02001273","Northfield","Aberdeen City",4.9,13,17,0
"S02001274","Heathryfold and Middlefield","Aberdeen City",5,13.5,19,0
"S02001275","Kingswells","Aberdeen City",6,2.6,3,19.3
"S02001276","Bucksburn South","Aberdeen City",5.1,6.7,7,0
"S02001277","Bucksburn North","Aberdeen City",5.4,5.6,8,0
"S02001278","Dyce","Aberdeen City",5.4,5.5,7,15.4
"S02001279","Danestone","Aberdeen City",5.8,1.9,2,0
"S02001280","Oldmachar West","Aberdeen City",5.8,3.3,3,0
"S02001281","Oldmachar East","Aberdeen City",5.8,3,3,0
"S02001282","Balgownie and Donmouth West","Aberdeen City",5.8,5.9,8,0
"S02001283","Balgownie and Donmouth East","Aberdeen City",5.9,3.9,4,0
"S02001284","Denmore","Aberdeen City",6,3.6,4,59.7
"S02001285","East Cairngorms","Aberdeenshire",5.7,4.8,5,33
"S02001286","Aboyne and South Deeside","Aberdeenshire",5.9,4.2,5,57.9
"S02001287","Mearns and Laurencekirk","Aberdeenshire",5.6,4.2,6,17.4
"S02001288","Mearns South and Benholm","Aberdeenshire",5.6,5.2,7,100
"S02001289","Mearns North and Inverbervie","Aberdeenshire",5.8,4.2,6,48.6
"S02001290","Fetteresso, Netherley and Catter","Aberdeenshire",6.1,1.9,2,100
"S02001291","Stonehaven South","Aberdeenshire",6,6.7,7,0
"S02001292","Stonehaven North","Aberdeenshire",5.9,4.3,5,0
"S02001293","Newtonhill","Aberdeenshire",6,2.6,3,100
"S02001294","Portlethen","Aberdeenshire",5.8,3.2,2,0
"S02001295","Banchory-Devenick and Findon","Aberdeenshire",5.5,4,4,37.5
"S02001296","Dunecht, Durris and Drumoak","Aberdeenshire",5.9,2.3,3,100
"S02001297","Banchory East","Aberdeenshire",6,3.3,4,0
"S02001298","Banchory West","Aberdeenshire",6.3,3.2,4,0
"S02001299","Crathes and Torphins","Aberdeenshire",5.9,2.5,3,60.3
"S02001300","Cromar and Kildrummy","Aberdeenshire",5.7,3.8,5,82.6
"S02001301","Howe of Alford","Aberdeenshire",5.8,3.8,4,47.8
"S02001302","Kemnay","Aberdeenshire",5.3,5.8,9,0
"S02001303","Inverurie North","Aberdeenshire",5.5,5.7,6,0
"S02001304","Inverurie South","Aberdeenshire",5.4,8.8,10,0
"S02001305","Durno-Chapel of Garioch","Aberdeenshire",5.7,1.9,3,87.3
"S02001306","Kintore","Aberdeenshire",5.8,3,3,21
"S02001307","Blackburn","Aberdeenshire",5.8,3,3,100
"S02001308","Westhill North and South","Aberdeenshire",5.9,2.2,2,56.1
"S02001309","Westhill Central","Aberdeenshire",5.7,2.5,2,0
"S02001310","Garlogie and Elrick","Aberdeenshire",5.9,2.7,3,0
"S02001311","Newmachar and Fintray","Aberdeenshire",5.5,3.1,4,100
"S02001312","Balmedie and Potterton","Aberdeenshire",5.5,2.8,3,100
"S02001313","Ellon East","Aberdeenshire",5.7,3.9,4,0
"S02001314","Ellon West","Aberdeenshire",5.6,4.8,6,0
"S02001315","Ythanside","Aberdeenshire",5.9,2.7,4,100
"S02001316","Ythsie","Aberdeenshire",5.7,3.4,4,73
"S02001317","Barrahill","Aberdeenshire",5.7,3.1,4,21.6
"S02001318","Fyvie-Rothie","Aberdeenshire",5.5,4.5,5,89.2
"S02001319","Insch, Oyne and Ythanwells","Aberdeenshire",5.6,4.2,4,59.3
"S02001320","Clashindarroch","Aberdeenshire",5.4,4.3,5,100
"S02001321","Huntly","Aberdeenshire",5.3,8.9,11,0
"S02001322","Auchterless and Monquhitter","Aberdeenshire",5.4,3.6,4,100
"S02001323","Turriff","Aberdeenshire",5.3,6.8,9,0
"S02001324","Portsoy, Fordyce and Cornhill","Aberdeenshire",5.1,7.7,9,45.3
"S02001325","Aberchirder and Whitehills","Aberdeenshire",5.4,8.4,8,73.1
"S02001326","Banff","Aberdeenshire",5.4,11.5,13,0
"S02001327","Macduff","Aberdeenshire",5.2,10.2,12,0
"S02001328","Gardenstown and King Edward","Aberdeenshire",5.5,6.4,8,81.8
"S02001329","New Pitsligo","Aberdeenshire",5.5,6.9,9,68.4
"S02001330","Deer and Mormond","Aberdeenshire",5.5,5.5,7,52.1
"S02001331","Mintlaw","Aberdeenshire",5.5,8.5,11,0
"S02001332","Auchnagatt","Aberdeenshire",5.5,4.5,4,77.6
"S02001333","Cruden","Aberdeenshire",5.4,7,8,26.2
"S02001334","Peterhead Links","Aberdeenshire",5.3,5.2,7,0
"S02001335","Peterhead Bay","Aberdeenshire",5.4,11.5,14,0
"S02001336","Peterhead Harbour","Aberdeenshire",4.9,14.3,18,0
"S02001337","Peterhead Ugieside","Aberdeenshire",5.4,5.6,8,12.2
"S02001338","Longside and Rattray","Aberdeenshire",5.3,4.5,5,100
"S02001339","Rosehearty and Strathbeg","Aberdeenshire",5.4,7,9,46
"S02001340","Fraserburgh Smiddyhill","Aberdeenshire",5.5,4.1,4,26.4
"S02001341","Fraserburgh Lochpots","Aberdeenshire",4.7,13.6,17,0
"S02001342","Fraserburgh Central-Academy","Aberdeenshire",5.4,9.3,13,0
"S02001343","Fraserburgh Harbour and Broadsea","Aberdeenshire",4.9,15.5,21,0
"S02001344","South Angus","Angus",5.8,3.9,4,63.2
"S02001345","Monikie","Angus",5.7,3.5,3,78.2
"S02001346","Monifieth West","Angus",5.7,3.7,5,0
"S02001347","Monifieth East","Angus",5.9,4.7,5,0
"S02001348","Carnoustie West","Angus",5.4,8.3,10,0
"S02001349","Carnoustie East","Angus",5.6,4.5,5,0
"S02001350","Arbroath Landward","Angus",6,3.1,5,100
"S02001351","Arbroath Kirkton","Angus",5.6,8.7,11,32
"S02001352","Arbroath Keptie","Angus",5.8,8.3,10,0
"S02001353","Arbroath Harbour","Angus",5.1,17.2,22,0
"S02001354","Arbroath Cliffburn","Angus",5.2,12.2,17,0
"S02001355","Arbroath Warddykes","Angus",5.2,14.3,20,0
"S02001356","Lunan","Angus",5.4,6.3,8,71.5
"S02001357","Montrose South","Angus",5.4,12.1,15,0
"S02001358","Montrose North","Angus",5.5,10.1,12,0
"S02001359","Hillside","Angus",5.7,5,7,36.5
"S02001360","Friockheim","Angus",5.7,6,6,71.3
"S02001361","Brechin East","Angus",5.1,15.2,18,0
"S02001362","Brechin West","Angus",5.5,6.6,9,0
"S02001363","Letham and Glamis","Angus",5.7,5.5,7,100
"S02001364","Forfar East","Angus",5.4,6.3,7,0
"S02001365","Forfar Central","Angus",5.1,12.9,17,0
"S02001366","Forfar West","Angus",5.2,10.5,12,0
"S02001367","Kirriemuir Landward","Angus",5.8,6.4,7,82.8
"S02001368","Kirriemuir","Angus",5.6,9.1,11,0
"S02001369","Angus Glens","Angus",5.7,4.4,6,72.6
"S02001370","Mull, Iona, Coll and Tiree","Argyll and Bute",5.9,4.8,6,73.1
"S02001371","Oban South","Argyll and Bute",5.4,8.8,11,12.6
"S02001372","Oban North","Argyll and Bute",5.4,6.3,7,0
"S02001373","Benderloch Trail","Argyll and Bute",5.6,4.8,6,89.1
"S02001374","Loch Awe","Argyll and Bute",5.5,4.4,7,100
"S02001375","Mid Argyll","Argyll and Bute",5.4,5,7,73.9
"S02001376","Greater Lochgilphead","Argyll and Bute",5.5,9.9,11,15.9
"S02001377","Knapdale","Argyll and Bute",5.6,5.6,7,53.9
"S02001378","Whisky Isles","Argyll and Bute",5.5,6.2,8,57.6
"S02001379","Kintyre Trail","Argyll and Bute",5.7,7.1,9,100
"S02001380","Campbeltown","Argyll and Bute",5.4,12.3,16,0
"S02001381","Bute","Argyll and Bute",5.8,7.1,8,24.3
"S02001382","Rothesay Town","Argyll and Bute",5.2,18.6,24,0
"S02001383","Cowal South","Argyll and Bute",5.5,7.1,7,75.2
"S02001384","Cowal North","Argyll and Bute",6,6.7,8,100
"S02001385","Hunter's Quay","Argyll and Bute",5.4,11.4,14,0
"S02001386","Dunoon","Argyll and Bute",5.5,16.2,18,0
"S02001387","Garelochhead","Argyll and Bute",5.7,4.3,6,56.9
"S02001388","Helensburgh West and Rhu","Argyll and Bute",5.8,4.9,5,46.6
"S02001389","Helensburgh North","Argyll and Bute",6.2,3.4,5,0
"S02001390","Helensburgh Centre","Argyll and Bute",5.7,11.3,13,0
"S02001391","Helensburgh East","Argyll and Bute",5.6,10,12,0
"S02001392","Lomond Shore","Argyll and Bute",5.9,3.9,5,100
"S02001393","Tullibody South","Clackmannanshire",5.3,10.4,13,16.4
"S02001394","Tullibody North and Glenochil","Clackmannanshire",5.1,8.5,15,0
"S02001395","Menstrie","Clackmannanshire",5.5,5.3,6,0
"S02001396","Alva","Clackmannanshire",5.6,11.3,13,0
"S02001397","Fishcross, Devon Village and Coalsnaughton","Clackmannanshire",5.1,12.5,14,0
"S02001398","Tillicoultry","Clackmannanshire",5.7,11.6,14,0
"S02001399","Dollar and Muckhart","Clackmannanshire",6,3.3,4,14.4
"S02001400","Clackmannan, Kennet and Forestmill","Clackmannanshire",5.3,9.8,11,0
"S02001401","Sauchie","Clackmannanshire",5.3,14.7,17,0
"S02001402","Alloa South and East","Clackmannanshire",4.7,25.8,34,0
"S02001403","Alloa North","Clackmannanshire",5.4,11,13,8.3
"S02001404","Alloa West","Clackmannanshire",5.6,7.8,8,0
"S02001405","Stranraer West","Dumfries and Galloway",5.2,17.1,22,0
"S02001406","Stranraer East","Dumfries and Galloway",5.5,13.3,18,0
"S02001407","Stranraer South","Dumfries and Galloway",5.3,12.3,18,0
"S02001408","Rhins North","Dumfries and Galloway",5.4,7.8,11,100
"S02001409","Rhins South","Dumfries and Galloway",5.4,10.4,14,100
"S02001410","Machars North","Dumfries and Galloway",5.6,9.2,12,100
"S02001411","Machars South","Dumfries and Galloway",5.6,9.1,14,46.2
"S02001412","Newton Stewart","Dumfries and Galloway",5.7,9.9,13,25.8
"S02001413","Gatehouse","Dumfries and Galloway",5.6,5.9,8,56.1
"S02001414","Kirkcudbright","Dumfries and Galloway",5.7,6.5,8,44.9
"S02001415","Castle Douglas","Dumfries and Galloway",5.7,9,11,19.6
"S02001416","Dalbeattie","Dumfries and Galloway",5.8,9.8,12,0
"S02001417","Dalbeattie Rural","Dumfries and Galloway",6,3.8,4,100
"S02001418","Glenkens","Dumfries and Galloway",5.8,7.1,11,74.7
"S02001419","Upper Nithsdale","Dumfries and Galloway",5.5,13,17,9.8
"S02001420","Thornhill","Dumfries and Galloway",5.9,6.3,10,58.6
"S02001421","Mid Nithsdale","Dumfries and Galloway",5.8,4.7,6,100
"S02001422","Shawhead","Dumfries and Galloway",5.6,6,9,40.4
"S02001423","Lochside and Lincluden","Dumfries and Galloway",4.8,18.8,25,0
"S02001424","Summerville","Dumfries and Galloway",5.5,13,18,0
"S02001425","Troqueer","Dumfries and Galloway",5.8,7.3,9,0
"S02001426","New Abbey","Dumfries and Galloway",5.7,8.3,9,67.9
"S02001427","Kingholm","Dumfries and Galloway",5.7,7.5,8,39.3
"S02001428","Calside","Dumfries and Galloway",5.7,3.6,4,0
"S02001429","Georgetown","Dumfries and Galloway",5.9,4.1,4,0
"S02001430","Dumfries Central","Dumfries and Galloway",5.4,18.7,21,0
"S02001431","Nunholm","Dumfries and Galloway",5.9,9.2,9,0
"S02001432","Locharbriggs","Dumfries and Galloway",5.4,7.1,10,0
"S02001433","Heathhall","Dumfries and Galloway",5.9,4.4,5,21.1
"S02001434","Collin","Dumfries and Galloway",5.8,2.8,4,41.3
"S02001435","Lochmaben","Dumfries and Galloway",5.6,5.7,8,40
"S02001436","Lockerbie","Dumfries and Galloway",5.4,8.9,12,15.1
"S02001437","Moffat","Dumfries and Galloway",5.7,6.7,8,35.2
"S02001438","Langholm and Eskdale","Dumfries and Galloway",5.9,6.6,10,40.2
"S02001439","Annandale East","Dumfries and Galloway",5.6,6,9,71.7
"S02001440","Annandale West","Dumfries and Galloway",5.6,6,7,100
"S02001441","Annan West","Dumfries and Galloway",5.1,11.1,13,0
"S02001442","Annan East","Dumfries and Galloway",5.2,10,13,12.8
"S02001443","Eastriggs","Dumfries and Galloway",5.7,5.7,7,22.5
"S02001444","Gretna","Dumfries and Galloway",5.4,6.6,9,16.8
"S02001445","Westend","Dundee City",5.9,3.4,4,0
"S02001446","Perth Road","Dundee City",5,6.3,9,0
"S02001447","Logie and Blackness","Dundee City",5.2,11.1,15,0
"S02001448","City Centre","Dundee City",5.2,12,15,0
"S02001449","Docks and Wellgate","Dundee City",4.9,12.4,17,0
"S02001450","Hilltown","Dundee City",4.8,20.1,28,0
"S02001451","The Glens","Dundee City",4.7,22.3,27,0
"S02001452","Stobswell","Dundee City",4.6,16.6,22,0
"S02001453","Baxter Park","Dundee City",5.8,5.9,6,0
"S02001454","Craigie and  Craigiebank","Dundee City",5.6,10.7,14,0
"S02001455","Douglas West","Dundee City",4.7,18.9,27,0
"S02001456","West Ferry","Dundee City",6,4.8,5,0
"S02001457","Douglas East","Dundee City",4.8,19.7,27,0
"S02001458","Broughty Ferry West","Dundee City",6,5.6,6,0
"S02001459","Broughty Ferry East","Dundee City",5.9,4.3,5,0
"S02001460","Barnhill","Dundee City",5.9,7.2,7,0
"S02001461","West Pitkerro","Dundee City",5.8,4.1,4,41.3
"S02001462","Whitfield","Dundee City",4.5,17.7,27,0
"S02001463","Fintry","Dundee City",4.9,10.4,16,21.3
"S02001464","Linlathen and Midcraigie","Dundee City",4.5,21.4,32,0
"S02001465","Caird Park","Dundee City",5.1,11,16,0
"S02001466","Kirkton","Dundee City",4.7,14.4,22,0
"S02001467","Downfield","Dundee City",5.2,8.1,10,0
"S02001468","Fairmuir","Dundee City",5.5,9,12,0
"S02001469","Law","Dundee City",5.1,17.7,22,0
"S02001470","Balgay","Dundee City",5.7,9.2,10,0
"S02001471","Menzieshill","Dundee City",4.8,18.5,21,0
"S02001472","Charleston","Dundee City",4.8,19.5,27,0
"S02001473","Lochee","Dundee City",4.4,20.9,25,0
"S02001474","Ardler and St Marys","Dundee City",4.9,17.8,24,0
"S02001475","Western Edge","Dundee City",5.9,2.4,3,16.9
"S02001476","Doon Valley South","East Ayrshire",5.1,19,27,16.8
"S02001477","Doon Valley North","East Ayrshire",5.2,13.2,16,36.1
"S02001478","Mauchline Rural","East Ayrshire",5.5,11,14,37
"S02001479","Drongan","East Ayrshire",5.3,11.3,15,23.8
"S02001480","Mauchline","East Ayrshire",5.6,8.4,10,0
"S02001481","Cumnock Rural","East Ayrshire",5.3,13,17,61.6
"S02001482","New Cumnock","East Ayrshire",5.5,14.3,21,0
"S02001483","Cumnock South and Craigens","East Ayrshire",5.2,15.6,20,0
"S02001484","Cumnock North","East Ayrshire",5.3,10.9,13,0
"S02001485","Auchinleck","East Ayrshire",5.1,16.2,21,0
"S02001486","Northern and Irvine Valley Rural","East Ayrshire",5.8,3.9,5,81
"S02001487","Stewarton East","East Ayrshire",5.9,6.8,9,0
"S02001488","Stewarton West","East Ayrshire",5.6,9.9,13,0
"S02001489","Darvel","East Ayrshire",5.8,10.6,11,0
"S02001490","Newmilns","East Ayrshire",5.2,17.2,19,0
"S02001491","Galston","East Ayrshire",5.4,11.1,16,0
"S02001492","Earlston and Hurlford Rural","East Ayrshire",5.5,11.7,16,18.9
"S02001493","Shortlees","East Ayrshire",4.6,20.6,32,0
"S02001494","Bellfield and Kirkstyle","East Ayrshire",5.3,12.7,18,0
"S02001495","Kilmarnock South Central and Caprington","East Ayrshire",5.5,15.3,17,0
"S02001496","Piersland","East Ayrshire",5.6,8.2,9,0
"S02001497","New Farm Loch South","East Ayrshire",5.6,12.7,16,0
"S02001498","Dean and New Farm Loch North","East Ayrshire",5.4,10.1,16,0
"S02001499","Southcraig and Beansburn","East Ayrshire",6,3,2,82.9
"S02001500","Altonhill North and Onthank","East Ayrshire",4.9,17.2,24,0
"S02001501","Altonhill South, Longpark and Hillhead","East Ayrshire",4.4,21.1,28,16.8
"S02001502","Bonnyton and Town Centre","East Ayrshire",5.6,13.4,18,0
"S02001503","Grange, Howard and Gargieston","East Ayrshire",6.1,2,3,18.3
"S02001504","Crosshouse, Gatehead and Kilmaurs Rural","East Ayrshire",5.3,6.6,9,50.5
"S02001505","Kilmaurs","East Ayrshire",5.7,9.5,12,0
"S02001506","West Clober and Mains Estate","East Dunbartonshire",6.1,3.1,3,29.5
"S02001507","East Clober and Mains Estate","East Dunbartonshire",5.7,7.9,10,0
"S02001508","Barloch","East Dunbartonshire",6.3,3.2,3,0
"S02001509","Keystone and Dougalston","East Dunbartonshire",6.3,5.6,6,26.3
"S02001510","Kilmardinny East","East Dunbartonshire",6.5,2,2,20.6
"S02001511","Kilmardinny West","East Dunbartonshire",6.5,2.5,3,0
"S02001512","North Castlehill and Thorn","East Dunbartonshire",6.2,2.3,3,19.7
"S02001513","South Castlehill and Thorn","East Dunbartonshire",6.2,4.1,5,0
"S02001514","Westerton West","East Dunbartonshire",6,3.7,5,32
"S02001515","Westerton East","East Dunbartonshire",6.3,2.9,3,0
"S02001516","Kessington West","East Dunbartonshire",6.2,2.6,2,0
"S02001517","Kessington East","East Dunbartonshire",6.3,3.1,3,0
"S02001518","Torrance and Balmore","East Dunbartonshire",6.1,4.4,4,100
"S02001519","Bishopbriggs North and Kenmure","East Dunbartonshire",6.3,3.7,4,0
"S02001520","Bishopbriggs West and Cadder","East Dunbartonshire",6,3.5,5,0
"S02001521","Auchinairn","East Dunbartonshire",5.7,10.6,14,0
"S02001522","Woodhill East","East Dunbartonshire",6,2.9,3,0
"S02001523","Woodhill West","East Dunbartonshire",6.1,4.2,4,0
"S02001524","Lenzie North","East Dunbartonshire",6.1,5.6,6,0
"S02001525","Lenzie South","East Dunbartonshire",6.3,2.4,3,0
"S02001526","Kirkintilloch South","East Dunbartonshire",5.9,8.5,10,0
"S02001527","Kirkintilloch West","East Dunbartonshire",6,12.4,12,0
"S02001528","Hillhead","East Dunbartonshire",5.4,20,26,0
"S02001529","Rosebank and Waterside","East Dunbartonshire",6,4.9,6,49.8
"S02001530","Twechar and Harestanes East","East Dunbartonshire",5.7,9.3,11,44.2
"S02001531","Harestanes","East Dunbartonshire",5.7,13.7,16,0
"S02001532","Milton of Campsie","East Dunbartonshire",5.9,5.6,7,38
"S02001533","Lennoxtown","East Dunbartonshire",5.8,9.6,13,0
"S02001534","Wallyford/Whitecraig","East Lothian",5.1,8,12,0
"S02001535","Musselburgh South","East Lothian",5.6,8.4,10,0
"S02001536","Musselburgh West","East Lothian",5.9,4.6,6,0
"S02001537","Musselburgh North","East Lothian",5.4,12.1,16,0
"S02001538","Musselburgh East","East Lothian",5.3,11.5,17,0
"S02001539","Pinkie Braes","East Lothian",5,13.9,18,0
"S02001540","Prestonpans West","East Lothian",5.1,11.6,15,0
"S02001541","Prestonpans East","East Lothian",5.2,10.3,13,0
"S02001542","Cockenzie","East Lothian",5.5,7.1,8,0
"S02001543","Tranent North","East Lothian",5.4,10.2,14,0
"S02001544","Tranent South","East Lothian",5.6,8.2,11,0
"S02001545","Ormiston","East Lothian",5.5,10,13,28.7
"S02001546","Longniddry and Aberlady","East Lothian",5.7,6.1,7,15.7
"S02001547","Haddington Rural","East Lothian",5.9,4.5,6,83.3
"S02001548","Haddington North","East Lothian",5.9,7,7,0
"S02001549","Haddington South","East Lothian",5.5,11,13,0
"S02001550","Gullane and Drem","East Lothian",5.8,4.5,5,36.9
"S02001551","North Berwick North","East Lothian",5.6,3.9,4,0
"S02001552","North Berwick South","East Lothian",6.1,4.6,6,38.7
"S02001553","East Linton and Rural","East Lothian",5.9,4.6,5,66.6
"S02001554","Dunbar West","East Lothian",5.6,7.9,10,36.1
"S02001555","Dunbar East","East Lothian",5.7,7.1,9,0
"S02001556","Neilston and Uplawmoor","East Renfrewshire",6,7.6,9,13.1
"S02001557","Cross Stobbs","East Renfrewshire",6.1,4.7,5,0
"S02001558","Dunterlie, East Arthurlie and Dovecothall","East Renfrewshire",5.3,16.4,22,0
"S02001559","Arthurlie and Gateside","East Renfrewshire",5.7,9.4,10,0
"S02001560","Auchenback","East Renfrewshire",5.5,12.7,19,0
"S02001561","Crookfur and Fruin","East Renfrewshire",6.3,3.5,5,0
"S02001562","Mearns Village, Westacres and Greenfarm","East Renfrewshire",6.3,5.8,7,15.2
"S02001563","Whitecraigs and Broom","East Renfrewshire",6.2,1.7,2,0
"S02001564","Mearnskirk and South Kirkhill","East Renfrewshire",6.4,2.3,4,16.7
"S02001565","Eaglesham and Waterfoot","East Renfrewshire",6.1,5.1,6,28.2
"S02001566","North Kirkhill","East Renfrewshire",6,3.1,3,0
"S02001567","Busby","East Renfrewshire",6.1,6.9,9,0
"S02001568","Clarkston and Sheddens","East Renfrewshire",6.4,2,2,0
"S02001569","Williamwood","East Renfrewshire",6.2,2.3,1,0
"S02001570","Stamperland","East Renfrewshire",6.1,3,3,0
"S02001571","Netherlee","East Renfrewshire",6.4,1.9,3,0
"S02001572","Merrylee and Braidbar","East Renfrewshire",6.4,2.4,4,0
"S02001573","Lower Whitecraigs and South Giffnock","East Renfrewshire",6.5,1.5,1,0
"S02001574","North Giffnock and North Thornliebank","East Renfrewshire",6.1,6.1,8,0
"S02001575","South Thornliebank and Woodfarm","East Renfrewshire",6.2,8,9,0
"S02001576","Balerno and Bonnington Village","Edinburgh, City of",5.9,3.9,4,42.7
"S02001577","Currie West","Edinburgh, City of",5.7,1.6,2,17.4
"S02001578","Currie East","Edinburgh, City of",5.9,3.6,3,0
"S02001579","Baberton and Juniper Green","Edinburgh, City of",6,2.7,3,0
"S02001580","Bonaly and The Pentlands","Edinburgh, City of",6.1,2.1,2,0
"S02001581","Colinton and Kingsknowe","Edinburgh, City of",6,1.6,3,0
"S02001582","Clovenstone and Wester Hailes","Edinburgh, City of",5,16.3,24,0
"S02001583","The Calders","Edinburgh, City of",4.8,17.4,23,0
"S02001584","Murrayburn and Wester Hailes North","Edinburgh, City of",4.7,24.3,32,0
"S02001585","Parkhead and Sighthill","Edinburgh, City of",5.2,5.2,9,0
"S02001586","Broomhouse and Bankhead","Edinburgh, City of",5.1,11.4,19,0
"S02001587","Stenhouse and Saughton Mains","Edinburgh, City of",5.1,13.5,18,0
"S02001588","Longstone and Saughton","Edinburgh, City of",5,7.6,11,0
"S02001589","Slateford and Chesser","Edinburgh, City of",5.8,6.2,9,0
"S02001590","Gorgie West","Edinburgh, City of",5.1,8.9,10,0
"S02001591","Gorgie East","Edinburgh, City of",4.8,8,10,0
"S02001592","Shandon","Edinburgh, City of",6.2,2.1,3,0
"S02001593","Craiglockhart","Edinburgh, City of",6,1.4,1,0
"S02001594","Morningside and Craighouse","Edinburgh, City of",6.1,3,3,0
"S02001595","Greenbank and The Braids","Edinburgh, City of",6.4,1.3,1,23
"S02001596","Colinton Mains and Firrhill","Edinburgh, City of",5.2,10.2,15,0
"S02001597","Oxgangs","Edinburgh, City of",5.3,14.4,18,0
"S02001598","Comiston and Swanston","Edinburgh, City of",6.3,2.2,1,0
"S02001599","Fairmilehead","Edinburgh, City of",6.2,1.3,1,11.7
"S02001600","Gilmerton South and the Murrays","Edinburgh, City of",5.4,3.9,5,0
"S02001601","Mortonhall and Anwickhill","Edinburgh, City of",5.6,3.7,4,30.5
"S02001602","Gracemount, Southhouse and Burdiehouse","Edinburgh, City of",4.9,14.9,21,0
"S02001603","Hyvots and Gilmerton","Edinburgh, City of",5.1,13.9,18,0
"S02001604","Fernieside and Moredun South","Edinburgh, City of",5.4,11.8,17,0
"S02001605","Moredun and Craigour","Edinburgh, City of",4.8,18.7,23,0
"S02001606","Liberton East","Edinburgh, City of",6.1,3.1,3,0
"S02001607","Liberton West and Braid Hills","Edinburgh, City of",6.1,3.2,6,0
"S02001608","The Inch","Edinburgh, City of",5.3,11.9,17,0
"S02001609","Blackford, West Mains and Mayfield Road","Edinburgh, City of",6.1,2.6,4,0
"S02001610","Prestonfield","Edinburgh, City of",5.9,8.1,11,0
"S02001611","Newington and Dalkeith Road","Edinburgh, City of",5.9,2.4,3,0
"S02001612","The Grange","Edinburgh, City of",6.4,2.4,3,0
"S02001613","Marchmont East and Sciennes","Edinburgh, City of",6.4,1.9,3,0
"S02001614","Marchmont West","Edinburgh, City of",6.4,0.7,2,0
"S02001615","Morningside","Edinburgh, City of",6.3,2.6,3,0
"S02001616","Merchiston and Greenhill","Edinburgh, City of",6.3,4.2,3,0
"S02001617","Bruntsfield","Edinburgh, City of",6.4,2.5,4,0
"S02001618","Polwarth","Edinburgh, City of",5.9,3.6,5,0
"S02001619","Dalry and Fountainbridge","Edinburgh, City of",5.3,7.9,10,0
"S02001620","Tollcross","Edinburgh, City of",5.4,5.9,8,0
"S02001621","Meadows and Southside","Edinburgh, City of",6.2,3,4,0
"S02001622","Old Town, Princes Street and Leith Street","Edinburgh, City of",NA,8.3,9,0
"S02001623","Canongate, Southside and Dumbiedykes","Edinburgh, City of",4.7,7.7,10,0
"S02001624","Abbeyhill","Edinburgh, City of",6.1,8.5,11,0
"S02001625","Meadowbank and Abbeyhill North","Edinburgh, City of",5.3,5.9,7,0
"S02001626","Willowbrae and Duddingston Village","Edinburgh, City of",5.7,4.1,6,0
"S02001627","Craigmillar","Edinburgh, City of",5.1,14,23,0
"S02001628","Niddrie","Edinburgh, City of",4.9,22.4,32,0
"S02001629","Bingham, Magdalene and The Christians","Edinburgh, City of",4.9,22.1,28,0
"S02001630","Jewel, Brunstane and Newcraighall","Edinburgh, City of",5.4,4.4,8,0
"S02001631","Joppa","Edinburgh, City of",6.1,4,5,0
"S02001632","Portobello","Edinburgh, City of",5.3,8.1,11,0
"S02001633","Duddingston and Portobello South","Edinburgh, City of",5.8,3.7,4,0
"S02001634","Mountcastle","Edinburgh, City of",5.8,4,5,0
"S02001635","Northfield and Piershill","Edinburgh, City of",5,9.4,15,0
"S02001636","Craigentinny","Edinburgh, City of",5.6,2.7,3,0
"S02001637","Restalrig (Loganlea) and Craigentinny West","Edinburgh, City of",4.8,14.5,19,0
"S02001638","Restalrig and Lochend","Edinburgh, City of",4.6,20,24,0
"S02001639","Leith (Hermitage and Prospect Bank)","Edinburgh, City of",5.9,5.4,7,0
"S02001640","Western Harbour and Leith Docks","Edinburgh, City of",5.3,6.3,9,0
"S02001641","North Leith and Newhaven","Edinburgh, City of",5.1,13.5,16,0
"S02001642","The Shore and Constitution Street","Edinburgh, City of",5,8.2,10,0
"S02001643","Great Junction Street","Edinburgh, City of",5.1,11.8,16,0
"S02001644","South Leith","Edinburgh, City of",5.2,7.8,11,0
"S02001645","Easter Road and Hawkhill Avenue","Edinburgh, City of",4.8,6.3,8,0
"S02001646","Leith (Albert Street)","Edinburgh, City of",4.8,8,11,0
"S02001647","Hillside and Calton Hill","Edinburgh, City of",5.8,3.9,5,0
"S02001648","Pilrig","Edinburgh, City of",5.4,9.3,10,0
"S02001649","Bonnington","Edinburgh, City of",5.4,8.4,10,0
"S02001650","Trinity East and The Dudleys","Edinburgh, City of",6.2,2.5,3,0
"S02001651","Trinity","Edinburgh, City of",5.9,4.1,4,0
"S02001652","Inverleith, Goldenacre and Warriston","Edinburgh, City of",6.3,2.4,3,0
"S02001653","Broughton North and Powderhall","Edinburgh, City of",5.6,5.7,6,0
"S02001654","Broughton South","Edinburgh, City of",5.4,2.5,3,0
"S02001655","New Town East and Gayfield","Edinburgh, City of",5.8,3.3,4,0
"S02001656","New Town West","Edinburgh, City of",NA,3.5,4,0
"S02001657","Canonmills and New Town North","Edinburgh, City of",6.2,1.6,2,0
"S02001658","Stockbridge","Edinburgh, City of",5.3,2.7,4,0
"S02001659","Comely Bank","Edinburgh, City of",6.1,1,1,0
"S02001660","Deans Village","Edinburgh, City of",5.7,2.3,3,0
"S02001661","Balgreen and Roseburn","Edinburgh, City of",5.8,4.3,5,0
"S02001662","Murrayfield and Ravelston","Edinburgh, City of",6,1.6,1,0
"S02001663","Craigleith, Orchard Brae and Crewe Toll","Edinburgh, City of",6.2,1.9,2,0
"S02001664","Blackhall","Edinburgh, City of",6.1,1.8,2,0
"S02001665","Drylaw","Edinburgh, City of",4.8,11.7,17,0
"S02001666","West Pilton","Edinburgh, City of",5,14.2,21,0
"S02001667","Boswall and Pilton","Edinburgh, City of",5.6,5,7,0
"S02001668","Granton South and Wardieburn","Edinburgh, City of",4.9,19.2,27,0
"S02001669","Granton and Royston Mains","Edinburgh, City of",5.2,11.4,18,0
"S02001670","Granton West and Salvesen","Edinburgh, City of",5,10.5,16,0
"S02001671","Muirhouse","Edinburgh, City of",4.9,17.2,25,0
"S02001672","Silverknowes and Davidson's Mains","Edinburgh, City of",6,2.1,3,0
"S02001673","Cramond","Edinburgh, City of",6.2,2,2,0
"S02001674","Barnton, Cammo and Cramond South","Edinburgh, City of",6.3,2.2,2,19.9
"S02001675","Clermiston and Drumbrae","Edinburgh, City of",5.3,9.8,13,0
"S02001676","East Craigs North","Edinburgh, City of",5.6,7.7,10,0
"S02001677","East Craigs South","Edinburgh, City of",6,2.1,2,0
"S02001678","Corstorphine North","Edinburgh, City of",6.1,3.3,3,0
"S02001679","Corstorphine","Edinburgh, City of",6.2,3.3,3,0
"S02001680","Carrick Knowe","Edinburgh, City of",5.6,3.7,6,0
"S02001681","Corstorphine South","Edinburgh, City of",5.4,4.7,6,0
"S02001682","South Gyle","Edinburgh, City of",5.6,3.9,6,0
"S02001683","Ratho, Ingliston and Gogar","Edinburgh, City of",5.6,5.1,6,0
"S02001684","Dalmeny, Kirkliston and Newbridge","Edinburgh, City of",5.7,4.7,7,76.6
"S02001685","Queensferry East","Edinburgh, City of",5.7,4.7,6,0
"S02001686","Queensferry West","Edinburgh, City of",5.7,3.8,4,0
"S02001687","Barra and South Uist","Eilean Siar",5.7,7.8,10,61.2
"S02001688","Benbecula and North Uist","Eilean Siar",5.7,6.4,8,100
"S02001689","Harris","Eilean Siar",6.2,6.1,10,100
"S02001690","South Lewis","Eilean Siar",5.9,7.1,11,100
"S02001691","Northwest Lewis","Eilean Siar",5.9,7.6,12,100
"S02001692","Broadbay","Eilean Siar",5.7,6.1,7,100
"S02001693","Stornoway West","Eilean Siar",5.6,10.8,14,33.2
"S02001694","Stornoway East","Eilean Siar",5.7,8.5,9,0
"S02001695","Point","Eilean Siar",5.8,6.2,7,100
"S02001696","Dunipace","Falkirk",5.4,10.3,14,0
"S02001697","Fankerton, Stoneywood and Denny Town","Falkirk",5.5,8.7,11,22.4
"S02001698","Denny - Nethermains","Falkirk",5.4,9.7,14,0
"S02001699","Head of Muir and Dennyloanhead","Falkirk",5.7,4.8,6,0
"S02001700","Banknock, Haggs and Longcroft","Falkirk",5.5,8.8,11,12.5
"S02001701","Bonnybridge","Falkirk",5.5,9.3,13,0
"S02001702","High Bonnybridge and Greenhill","Falkirk",5.7,6.6,9,80.1
"S02001703","Larbert - North Broomage and Inches","Falkirk",5.8,5.2,6,0
"S02001704","Larbert - South Broomage and Village","Falkirk",6.1,4,5,0
"S02001705","Stenhousemuir West","Falkirk",5.6,13.2,18,0
"S02001706","Stenhousemuir East","Falkirk",5.8,7.5,9,0
"S02001707","Stenhousemuir - Antonshill","Falkirk",6.1,3.3,4,0
"S02001708","Carron","Falkirk",6,4.4,6,0
"S02001709","Carronshore","Falkirk",5.4,8.3,11,0
"S02001710","Carse and Grangemouth Old Town","Falkirk",5.5,6,7,52.4
"S02001711","Falkirk - Bainsford and Langlees","Falkirk",4.7,21.3,26,0
"S02001712","Falkirk - Merchiston and New Carron Village","Falkirk",5.7,7.4,10,0
"S02001713","Falkirk - Grahamston","Falkirk",5.6,15.4,17,0
"S02001714","Falkirk - Middlefield","Falkirk",5.3,12.2,16,0
"S02001715","Falkirk - Town Centre and Callendar Park","Falkirk",5.6,10,13,0
"S02001716","Falkirk - Bantaskin","Falkirk",5.8,6.5,8,0
"S02001717","Falkirk - Camelon East","Falkirk",5.2,18.9,22,0
"S02001718","Falkirk - Camelon West","Falkirk",5,14.7,19,0
"S02001719","Falkirk - Tamfourhill","Falkirk",5.5,11.7,16,0
"S02001720","Falkirk - Lochgreen and Lionthorn","Falkirk",6.3,2.7,3,82.4
"S02001721","Hallglen and Glen Village","Falkirk",5.2,16,21,70.3
"S02001722","Shieldhill","Falkirk",5.8,6.4,10,0
"S02001723","Braes Villages","Falkirk",5.3,10.7,15,29.8
"S02001724","Reddingmuirhead and Overton","Falkirk",6,2.2,3,45.4
"S02001725","Brightons and Wallacestone","Falkirk",5.8,4.7,6,0
"S02001726","Maddiston and Rumford","Falkirk",5.5,6.9,10,10.1
"S02001727","Polmont","Falkirk",5.8,4.5,4,22.2
"S02001728","Redding","Falkirk",5.1,8.8,11,0
"S02001729","Laurieston and Westquarter","Falkirk",5.1,11.2,13,0
"S02001730","Grangemouth - Newlands","Falkirk",5.3,12.1,15,0
"S02001731","Grangemouth - Town Centre","Falkirk",5.6,11.7,13,0
"S02001732","Grangemouth - Kersiebank","Falkirk",5.1,13.4,15,0
"S02001733","Grangemouth - Bowhouse","Falkirk",5.4,15.6,18,0
"S02001734","Bo'ness - Douglas","Falkirk",5.7,6.1,8,17
"S02001735","Bo'ness - Newtown","Falkirk",5.5,8.9,10,0
"S02001736","Bo'ness - Kinneil","Falkirk",5.4,10.5,13,0
"S02001737","Blackness, Bo'ness - Carriden and Grahamsdyke","Falkirk",5.4,7.4,9,14
"S02001738","Kincardine","Fife",5.5,7.8,10,18.8
"S02001739","Oakley Comrie and Blairhall","Fife",5.2,10.4,14,46.1
"S02001740","Saline and Gowkhall","Fife",5.6,6.9,7,73.6
"S02001741","Valleyfield Culross and Torryburn","Fife",5.3,11.8,13,52.1
"S02001742","Cairneyhill and Crombie","Fife",5.7,4.6,5,19.3
"S02001743","Crossford Charlestown and Limekilns","Fife",6.2,2.8,3,63.3
"S02001744","Dunfermline Milesmark and Wellwood","Fife",5.7,5.2,6,65
"S02001745","Dunfermline Baldridgeburn","Fife",5.5,15.6,17,0
"S02001746","Dunfermline Headwell","Fife",5.5,12.4,14,0
"S02001747","Dunfermline Central","Fife",5.9,9.1,9,0
"S02001748","Dunfermline Brucefield","Fife",5.1,10.7,13,0
"S02001749","Dunfermline Garvock Hill","Fife",6.1,2.7,2,0
"S02001750","Dunfermline Bellyeoman and Townhill","Fife",5.8,5.8,7,0
"S02001751","Dunfermline Duloch North and Lynebank","Fife",5.7,3.4,5,0
"S02001752","Dunfermline Touch and Woodmill","Fife",4.7,18,21,0
"S02001753","Dunfermline Abbeyview North","Fife",4.6,17.5,23,0
"S02001754","Dunfermline Abbeyview South","Fife",5.1,8.3,11,0
"S02001755","Dunfermline Duloch South","Fife",5.6,2.3,3,0
"S02001756","Dunfermline Masterton","Fife",6,1,2,55.8
"S02001757","Dunfermline Pitcorthie East","Fife",5.9,2.7,2,0
"S02001758","Dunfermline Pitcorthie West","Fife",6,4,3,0
"S02001759","Rosyth North","Fife",5.5,8.5,9,0
"S02001760","Rosyth East","Fife",5.4,8.8,11,0
"S02001761","Rosyth Central","Fife",5.2,11.8,13,0
"S02001762","Rosyth South","Fife",5,5.4,8,0
"S02001763","North Queensferry and Inverkeithing West","Fife",5.5,6.7,8,0
"S02001764","Inverkeithing East","Fife",4.8,10.7,14,0
"S02001765","Dalgety Bay West and Hillend","Fife",6.2,1.4,2,0
"S02001766","Dalgety Bay Central","Fife",6,3.2,3,0
"S02001767","Dalgety Bay East","Fife",5.8,4.8,4,0
"S02001768","Crossgates and Halbeath","Fife",5.6,8.2,11,11.9
"S02001769","Hill of Beath and Kingseat","Fife",4.9,13.3,19,0
"S02001770","Cowdenbeath South","Fife",4.9,15.7,21,0
"S02001771","Cowdenbeath North","Fife",5,9.2,12,0
"S02001772","Kelty West","Fife",4.9,15.1,21,0
"S02001773","Kelty East","Fife",5,10.6,13,0
"S02001774","Lochore and Crosshill","Fife",5,17.7,22,0
"S02001775","Ballingry","Fife",4.9,17.8,27,0
"S02001776","Cardenden","Fife",5.4,12.5,17,0
"S02001777","Lochgelly East","Fife",5.2,12.9,15,0
"S02001778","Lochgelly West and Lumphinnans","Fife",5.1,17.5,24,0
"S02001779","Aberdour and Auchtertool","Fife",5.8,6.1,7,52.6
"S02001780","Burntisland West","Fife",5.7,11.2,14,0
"S02001781","Burntisland East","Fife",5.6,5.9,7,0
"S02001782","Kinghorn","Fife",5.6,7.9,8,0
"S02001783","Kirkcaldy Linktown & Seafield","Fife",5.2,16.8,23,12.1
"S02001784","Kirkcaldy Central","Fife",5.7,10.7,11,0
"S02001785","Kirkcaldy Bennochy East","Fife",5.9,9.7,11,0
"S02001786","Kirkcaldy Bennochy West","Fife",5.5,11.2,16,0
"S02001787","Kirkcaldy Raith","Fife",5.8,2.3,3,0
"S02001788","Kirkcaldy Newliston and Redcraigs","Fife",5.3,7.9,10,0
"S02001789","Kirkcaldy Templehall West","Fife",5.3,11.2,19,0
"S02001790","Kirkcaldy Templehall East","Fife",4.8,17.1,25,0
"S02001791","Kirkcaldy Dunnikier","Fife",5.8,3.2,3,0
"S02001792","Kirkcaldy Chapel","Fife",5.5,5.8,8,0
"S02001793","Kirkcaldy Hayfield and Smeaton","Fife",4.9,15.6,23,0
"S02001794","Kirkcaldy Pathhead","Fife",5.7,9.5,10,0
"S02001795","Kirkcaldy Gallatown and Sinclairtown","Fife",5.1,21.6,30,0
"S02001796","Dysart","Fife",5.4,14.8,19,0
"S02001797","Wemyss","Fife",5.4,13,15,59.4
"S02001798","Thornton and Kinglassie","Fife",5.3,10.6,16,0
"S02001799","Leslie and Newcastle","Fife",5.4,9.8,13,0
"S02001800","Glenrothes Macedonia and Tanshall","Fife",5,21,27,0
"S02001801","Glenrothes South Parks","Fife",5.8,8.6,14,0
"S02001802","Glenrothes Caskieberran and Rimbleton","Fife",5.3,10.6,14,0
"S02001803","Glenrothes Auchmuty","Fife",4.9,17.2,23,0
"S02001804","Glenrothes Stenton and Finglassie","Fife",5.4,8.3,10,0
"S02001805","Glenrothes Pitteuchar","Fife",5.4,8.7,11,0
"S02001806","Glenrothes Woodside","Fife",5.5,10.1,12,0
"S02001807","Glenrothes Balgeddie and Town Park","Fife",5.8,3,3,32.6
"S02001808","Glenrothes Collydean","Fife",5,17.7,26,0
"S02001809","Glenrothes Cadham and Pitcoudie","Fife",5.4,16.1,19,0
"S02001810","Glenrothes Balfarg Pitcairn and Coul","Fife",5.9,10.2,10,0
"S02001811","Markinch and Star","Fife",5.7,5.9,6,28.3
"S02001812","Windygates and Coaltown","Fife",5.8,6.9,7,15.2
"S02001813","Buckhaven, Denbeath and Muiredge","Fife",4.8,20.4,26,0
"S02001814","Methil Methilhill","Fife",4.9,16.6,23,0
"S02001815","Methil West","Fife",4.5,25.5,32,0
"S02001816","Methil East","Fife",4.8,21.4,28,0
"S02001817","Leven East","Fife",5.9,17.1,17,0
"S02001818","Leven West","Fife",5.1,12.1,15,0
"S02001819","Leven North","Fife",5.6,9.9,12,0
"S02001820","Largo","Fife",5.9,6.8,8,100
"S02001821","Kennoway and Bonnybank","Fife",5.3,14,17,16
"S02001822","Kettle and Ladybank","Fife",5.4,6,7,52.8
"S02001823","Falkland and Freuchie","Fife",5.8,3.6,5,56.3
"S02001824","Auchtermuchty and Gateside","Fife",5.6,6.2,7,41.1
"S02001825","Newburgh","Fife",5.4,7.2,9,21.4
"S02001826","Cupar West and Springfield","Fife",5.4,6.5,7,44.9
"S02001827","Cupar Central","Fife",5.3,11.5,14,0
"S02001828","Cupar East","Fife",5.6,6.4,6,0
"S02001829","Dairsie Ceres and Dunino","Fife",5.7,4,5,100
"S02001830","Elie Colinsburgh and Largoward","Fife",5.6,6,8,100
"S02001831","St Monans and Pittenweem","Fife",5.6,9.8,12,0
"S02001832","Anstruther","Fife",5.6,8.4,10,0
"S02001833","Crail and Boarhills","Fife",5.9,4.7,6,100
"S02001834","St Andrews South East","Fife",5.5,5.2,8,0
"S02001835","St Andrews Central","Fife",4.8,2.1,4,0
"S02001836","St Andrews South West","Fife",5.6,2.5,2,20.1
"S02001837","St Andrews North and Strathkinness","Fife",6.2,0.9,1,29.3
"S02001838","Leuchars and Guardbridge","Fife",5.4,3.5,5,43
"S02001839","Balmullo and Gauldry","Fife",5.7,3.7,3,72
"S02001840","Tayport","Fife",5.7,8.3,10,0
"S02001841","Newport and Wormit","Fife",6.2,3.9,5,15
"S02001842","Darnley East","Glasgow City",5.6,12.7,20,0
"S02001843","Darnley North","Glasgow City",5.7,10.8,16,0
"S02001844","Darnley West","Glasgow City",5.8,6.2,10,0
"S02001845","Nitshill","Glasgow City",5,21.9,33,0
"S02001846","Crookston South","Glasgow City",4.9,23,35,0
"S02001847","Crookston North","Glasgow City",5,15.8,22,0
"S02001848","Pollok South and West","Glasgow City",5.9,3.9,6,0
"S02001849","Pollok North and East","Glasgow City",5.2,18.7,27,0
"S02001850","Cardonald South and East","Glasgow City",5.2,12,17,0
"S02001851","Cardonald North","Glasgow City",5.2,17.4,27,0
"S02001852","Cardonald West and Central","Glasgow City",5.5,10.7,14,0
"S02001853","Penilee","Glasgow City",5.1,17.8,24,0
"S02001854","Hillington","Glasgow City",5.2,11.9,17,0
"S02001855","Drumoyne and Shieldhall","Glasgow City",5.3,17.8,23,0
"S02001856","Govan and Linthouse","Glasgow City",5.1,22.6,29,0
"S02001857","Craigton","Glasgow City",5.4,17,25,0
"S02001858","Mosspark","Glasgow City",5.5,11.6,15,0
"S02001859","Ibrox","Glasgow City",4.9,25.5,34,0
"S02001860","Ibrox East and Cessnock","Glasgow City",5.1,16.7,21,0
"S02001861","Kinning Park and Festival Park","Glasgow City",5.6,8.6,14,0
"S02001862","Kingston West and Dumbreck","Glasgow City",5.4,14,20,0
"S02001863","Pollokshields West","Glasgow City",5.6,8.6,15,0
"S02001864","Pollokshields East","Glasgow City",5.5,7.2,15,0
"S02001865","Govanhill West","Glasgow City",5.1,15.7,24,0
"S02001866","Govanhill East and Aikenhead","Glasgow City",5.1,19.5,27,0
"S02001867","Battlefield","Glasgow City",5.9,7.7,12,0
"S02001868","Strathbungo","Glasgow City",5.5,8.3,12,0
"S02001869","Maxwell Park","Glasgow City",5.8,3.6,6,0
"S02001870","Shawlands West","Glasgow City",5.5,5.6,8,0
"S02001871","Shawlands East","Glasgow City",6,6.3,9,0
"S02001872","Langside","Glasgow City",5.8,4.5,7,0
"S02001873","Pollokshaws","Glasgow City",5.6,18.8,24,0
"S02001874","Carnwadric West","Glasgow City",5,22.1,31,0
"S02001875","Carnwadric East","Glasgow City",5.5,14,22,0
"S02001876","Newlands","Glasgow City",5.8,8.5,12,0
"S02001877","Merrylee and Millbrae","Glasgow City",5.9,6.3,9,0
"S02001878","Muirend and Old Cathcart","Glasgow City",6.1,5.4,7,0
"S02001879","Carmunnock North","Glasgow City",6.2,5.4,5,0
"S02001880","Carmunnock South","Glasgow City",5.4,15.8,22,0
"S02001881","Glenwood South","Glasgow City",5,26.8,37,0
"S02001882","Glenwood North","Glasgow City",5.2,22.9,35,0
"S02001883","Castlemilk","Glasgow City",5.5,16.5,24,0
"S02001884","Kingspark South","Glasgow City",5.6,6.5,11,0
"S02001885","Kingspark North","Glasgow City",5.8,6.5,9,0
"S02001886","Cathcart","Glasgow City",5.9,9.9,12,0
"S02001887","Mount Florida","Glasgow City",5.7,10,14,0
"S02001888","Toryglen and Oatlands","Glasgow City",5.3,15.7,24,0
"S02001889","Gorbals and Hutchesontown","Glasgow City",5.3,19.3,28,0
"S02001890","Laurieston and Tradeston","Glasgow City",5.3,12,15,0
"S02001891","Calton and Gallowgate","Glasgow City",5.3,11.8,18,0
"S02001892","Bridgeton","Glasgow City",4.9,15.7,25,0
"S02001893","Dalmarnock","Glasgow City",4.8,25.4,36,0
"S02001894","Parkhead West and Barrowfield","Glasgow City",4.9,23.4,32,0
"S02001895","Parkhead East and Braidfauld North","Glasgow City",4.7,18.5,26,0
"S02001896","Braidfauld","Glasgow City",5.3,17.7,26,0
"S02001897","Shettleston South","Glasgow City",5.6,8.9,11,0
"S02001898","Carmyle and Mount Vernon South","Glasgow City",5.4,11.7,17,0
"S02001899","Mount Vernon North and Sandyhills","Glasgow City",6,4.8,5,16.8
"S02001900","Baillieston West","Glasgow City",5.5,14.7,19,0
"S02001901","Baillieston East","Glasgow City",5.7,8.4,12,0
"S02001902","Garrowhill West","Glasgow City",5.8,5.4,6,0
"S02001903","Garrowhill East and Swinton","Glasgow City",5.7,4.6,6,0
"S02001904","Easterhouse East","Glasgow City",5.4,18.2,25,29
"S02001905","Central Easterhouse","Glasgow City",4.9,26.7,37,0
"S02001906","Garthamlock, Auchinlea and Gartloch","Glasgow City",5.2,12.8,17,0
"S02001907","North Barlanark and Easterhouse South","Glasgow City",4.7,26.2,39,0
"S02001908","Barlanark","Glasgow City",5.2,19.5,30,0
"S02001909","Greenfield","Glasgow City",5.5,16.8,23,0
"S02001910","Shettleston North","Glasgow City",5,25.5,32,0
"S02001911","Tollcross","Glasgow City",5.1,18.4,25,0
"S02001912","Old Shettleston and Parkhead North","Glasgow City",4.9,19.7,31,0
"S02001913","Carntyne","Glasgow City",5.5,18.1,23,0
"S02001914","Cranhill, Lightburn and Queenslie South","Glasgow City",5.2,22.5,30,0
"S02001915","Craigend and Ruchazie","Glasgow City",4.7,20.9,29,0
"S02001916","Riddrie and Hogganfield","Glasgow City",4.8,15.8,23,0
"S02001917","Blackhill and Barmulloch East","Glasgow City",5.2,17.8,25,0
"S02001918","Robroyston and Millerston","Glasgow City",6.1,4.6,6,9.1
"S02001919","Balornock","Glasgow City",5.1,18.7,25,0
"S02001920","Barmulloch","Glasgow City",5,18.9,26,0
"S02001921","Petershill","Glasgow City",5.3,17.7,24,0
"S02001922","Springburn","Glasgow City",5.2,23.7,30,0
"S02001923","Springburn East and Cowlairs","Glasgow City",5.2,21.3,29,0
"S02001924","Cowlairs and Port Dundas","Glasgow City",4.9,18.4,28,0
"S02001925","Sighthill","Glasgow City",5,21,25,0
"S02001926","Roystonhill, Blochairn, and Provanmill","Glasgow City",5.2,22.6,30,0
"S02001927","Dennistoun North","Glasgow City",5.5,6.3,10,0
"S02001928","Alexandra Parade","Glasgow City",5.6,11.3,19,0
"S02001929","Carntyne West and Haghill","Glasgow City",5.3,21.6,30,0
"S02001930","Dennistoun","Glasgow City",5.3,7.5,12,0
"S02001931","Gallowgate North and Bellgrove","Glasgow City",5.4,9.2,15,0
"S02001932","City Centre East","Glasgow City",5.8,7.2,11,0
"S02001933","City Centre West","Glasgow City",5.1,10.5,14,0
"S02001934","City Centre South","Glasgow City",4.6,7.2,10,0
"S02001935","Anderston","Glasgow City",5.1,7.7,12,0
"S02001936","Finnieston and Kelvinhaugh","Glasgow City",5.6,3.8,6,0
"S02001937","Woodlands","Glasgow City",5.9,4.3,8,0
"S02001938","Woodside","Glasgow City",5.5,16.6,23,0
"S02001939","Firhill","Glasgow City",5.5,10.7,17,0
"S02001940","Keppochhill","Glasgow City",5.1,22.7,33,0
"S02001941","Ruchill","Glasgow City",5.2,10.6,17,0
"S02001942","Possil Park","Glasgow City",5.3,21.7,31,0
"S02001943","Milton West","Glasgow City",5,23,32,0
"S02001944","Milton East","Glasgow City",5.3,23.9,31,0
"S02001945","Summerston Central and West","Glasgow City",5.5,12,16,20.1
"S02001946","Summerston North","Glasgow City",5.5,13.7,19,0
"S02001947","Maryhill East","Glasgow City",5.2,21.7,30,0
"S02001948","Maryhill West","Glasgow City",5.5,20.4,27,0
"S02001949","Wyndford","Glasgow City",4.8,31.1,37,0
"S02001950","Kelvindale","Glasgow City",6.1,3,4,0
"S02001951","North Kelvin","Glasgow City",6.2,4.2,5,0
"S02001952","Kelvingrove and University","Glasgow City",5.8,3.7,5,0
"S02001953","Hillhead","Glasgow City",5.5,7.5,11,0
"S02001954","Glasgow Harbour and Partick South","Glasgow City",5.3,7.8,10,0
"S02001955","Partick","Glasgow City",5.4,12.1,17,0
"S02001956","Partickhill and Hyndland","Glasgow City",6.3,2.5,4,0
"S02001957","Dowanhill","Glasgow City",6,2.6,4,0
"S02001958","Kelvinside and Jordanhill","Glasgow City",6.3,4.4,4,0
"S02001959","Broomhill","Glasgow City",5.9,6.1,8,0
"S02001960","Victoria Park","Glasgow City",6.3,5.5,7,0
"S02001961","Whiteinch","Glasgow City",5.2,21,29,0
"S02001962","Scotstoun North and East","Glasgow City",5.8,11.2,15,0
"S02001963","Scotstoun South and West","Glasgow City",5.3,20.9,31,0
"S02001964","Yoker South","Glasgow City",5.4,15.6,23,0
"S02001965","Yoker North","Glasgow City",5.3,11.6,18,0
"S02001966","Knightswood West","Glasgow City",5.4,17,23,0
"S02001967","Knightswood East","Glasgow City",5.4,20,24,0
"S02001968","Knightswood Park West","Glasgow City",5.4,19.7,25,0
"S02001969","Knightswood Park East","Glasgow City",5.2,15.3,22,0
"S02001970","Anniesland East","Glasgow City",5.8,5.6,7,0
"S02001971","Anniesland West","Glasgow City",5.2,8.4,13,0
"S02001972","Blairdardie East","Glasgow City",5.2,17.7,24,0
"S02001973","Blairdardie West","Glasgow City",5.6,6.1,9,0
"S02001974","Drumchapel South","Glasgow City",4.7,20.2,30,0
"S02001975","Drumchapel North","Glasgow City",5.1,26.5,38,0
"S02001976","Drumry East","Glasgow City",4.9,25.1,35,0
"S02001977","Drumry West","Glasgow City",5.4,17.8,26,0
"S02001978","Lochaber West","Highland",6,4.3,6,85.3
"S02001979","Fort William North","Highland",5.4,6,9,0
"S02001980","Fort William South","Highland",5.3,7.8,11,36
"S02001981","Lochaber East and North","Highland",5.8,6,8,66.3
"S02001982","Badenoch and Strathspey South","Highland",5.7,5.1,7,33.3
"S02001983","Badenoch and Strathspey Central","Highland",5.7,4.8,7,48.4
"S02001984","Badenoch and Strathspey North","Highland",5.6,3.9,6,48.2
"S02001985","Nairn Rural","Highland",5.8,4.3,5,89.2
"S02001986","Nairn East","Highland",5.4,10,13,15.6
"S02001987","Nairn West","Highland",5.7,8,9,0
"S02001988","Inverness East Rural","Highland",5.6,4.9,7,80.6
"S02001989","Inverness Culloden and Balloch","Highland",5.6,6,6,0
"S02001990","Inverness Smithton","Highland",5.5,9.2,12,0
"S02001991","Inverness Westhill","Highland",5.8,5.1,6,61.1
"S02001992","Inverness Inshes","Highland",6,3.4,5,41.6
"S02001993","Inverness Slackbuie","Highland",5.9,2.4,3,38.9
"S02001994","Inverness Lochardil and Holm Mains","Highland",6,3.8,4,16.5
"S02001995","Inverness Drummond","Highland",5.2,10.1,14,0
"S02001996","Inverness Hilton","Highland",4.9,10.2,14,0
"S02001997","Inverness Drakies","Highland",6,3.1,3,0
"S02001998","Inverness Central, Raigmore and Longman","Highland",5.5,13.9,16,17.2
"S02001999","Inverness Crown and Haugh","Highland",5.8,6.4,6,0
"S02002000","Inverness Ballifeary and Dalneigh","Highland",5,13.5,20,0
"S02002001","Inverness Muirtown","Highland",5.6,13.8,16,0
"S02002002","Inverness Merkinch","Highland",4.7,25.3,35,0
"S02002003","Inverness Scorguie","Highland",5.5,5.4,6,16.5
"S02002004","Inverness Kinmylies and South West","Highland",5.5,11.8,13,28.5
"S02002005","Inverness West Rural","Highland",5.8,5.5,7,80.9
"S02002006","Loch Ness","Highland",5.7,4.9,7,78.6
"S02002007","Lochalsh","Highland",5.8,6.2,8,76.3
"S02002008","Skye South","Highland",5.5,5.9,7,100
"S02002009","Skye North East","Highland",5.5,8.3,11,33.7
"S02002010","Skye North West","Highland",5.7,4.8,6,100
"S02002011","Ross and Cromarty South West","Highland",5.9,5.7,6,100
"S02002012","Ross and Cromarty North West","Highland",5.7,5.1,7,57.4
"S02002013","Ross and Cromarty Central","Highland",5.5,6.2,8,73.1
"S02002014","Ross and Cromarty East","Highland",5.6,4.2,6,68
"S02002015","Muir of Ord","Highland",5.5,7.1,9,25.4
"S02002016","Conon","Highland",5.5,6.7,7,100
"S02002017","Dingwall","Highland",5.4,8.5,12,19.4
"S02002018","Black Isle South","Highland",5.8,4.7,6,62.4
"S02002019","Black Isle North","Highland",5.6,3.6,4,76.4
"S02002020","Alness","Highland",5.1,12.9,19,0
"S02002021","Invergordon","Highland",5,12.9,17,0
"S02002022","Seaboard","Highland",5,9.8,12,100
"S02002023","Tain","Highland",5.3,11.3,14,0
"S02002024","Sutherland South","Highland",5.6,6.5,9,79.9
"S02002025","Sutherland East","Highland",5.6,10.3,12,33
"S02002026","Caithness South","Highland",5.3,10.6,11,100
"S02002027","Wick South","Highland",4.9,13.8,18,0
"S02002028","Wick North","Highland",5,10.4,15,0
"S02002029","Caithness North East","Highland",5.4,6.7,8,100
"S02002030","Caithness North West","Highland",5.5,6.8,8,70.1
"S02002031","Thurso East","Highland",5.5,11.2,13,0
"S02002032","Thurso West","Highland",5.3,9.4,11,16
"S02002033","Sutherland North and West","Highland",5.6,6.2,8,100
"S02002034","Kilmacolm Central","Inverclyde",6.1,3.1,4,0
"S02002035","Kilmacolm, Quarriers, Greenock Upper East/Central","Inverclyde",5.9,7,7,41.8
"S02002036","Inverkip and Wemyss Bay","Inverclyde",6,4.1,4,45.2
"S02002037","West Braeside, East Inverkip and West Gourock","Inverclyde",6.3,4.2,3,100
"S02002038","Gourock Upper and West Central and Upper Larkfield","Inverclyde",5.9,6.8,8,0
"S02002039","Gourock Central, Upper East and IRH","Inverclyde",5.8,12.9,14,0
"S02002040","Braeside, Branchton, Lower Larkfield and Ravenscraig","Inverclyde",5.2,17.1,24,0
"S02002041","Lower Bow and Larkfield, Fancy Farm, Mallard Bowl","Inverclyde",5.2,18.6,25,0
"S02002042","Gourock East, Greenock West and Lyle Road","Inverclyde",6,5.4,5,0
"S02002043","Greenock West and Central","Inverclyde",5.9,13.1,16,0
"S02002044","Bow Farm, Barrs Cottage, Cowdenknowes and Overton","Inverclyde",5.8,11.4,14,0
"S02002045","Greenock Upper Central","Inverclyde",5.3,26.7,30,0
"S02002046","Greenock Town Centre and East Central","Inverclyde",4.9,29.8,36,15.3
"S02002047","Greenock East","Inverclyde",5.4,19.8,28,16.7
"S02002048","Port Glasgow Upper, West and Central","Inverclyde",5.5,14.1,17,0
"S02002049","Port Glasgow Mid, East and Central","Inverclyde",5.4,20.5,25,0
"S02002050","Port Glasgow Upper East","Inverclyde",5.4,17.4,25,0
"S02002051","Rural South Midlothian","Midlothian",5.7,5,6,100
"S02002052","Penicuik Southeast","Midlothian",5.6,8.7,10,0
"S02002053","Penicuik Southwest","Midlothian",5.8,6.2,7,0
"S02002054","Penicuik East","Midlothian",5.2,12,15,0
"S02002055","Penicuik North","Midlothian",5.6,6.1,7,0
"S02002056","Pentland","Midlothian",5.8,3,3,75.7
"S02002057","Roslin and Bilston","Midlothian",5.6,7.6,9,34.7
"S02002058","Straiton","Midlothian",5.1,8.5,12,0
"S02002059","Loanhead","Midlothian",5.5,9.8,12,0
"S02002060","Bonnyrigg South","Midlothian",5.5,8.8,11,39.7
"S02002061","Bonnyrigg North","Midlothian",5.6,9.7,12,0
"S02002062","Newbattle and Dalhousie","Midlothian",5.8,3,4,14.6
"S02002063","Eskbank","Midlothian",6.3,2.8,4,31.5
"S02002064","Shawfair","Midlothian",5.4,7.3,9,0
"S02002065","Thornybank","Midlothian",5.2,10.9,16,0
"S02002066","Dalkeith","Midlothian",4.9,21.9,24,0
"S02002067","Pathhead and Rural East Midlothian","Midlothian",5.6,5.7,8,71.7
"S02002068","Easthouses","Midlothian",4.8,12.3,17,0
"S02002069","Mayfield","Midlothian",5.2,13.3,18,0
"S02002070","Newtongrange","Midlothian",5.2,10.3,13,0
"S02002071","North Gorebridge","Midlothian",5.3,13.3,18,0
"S02002072","Gorebridge and Middleton","Midlothian",5.2,12.2,19,0
"S02002073","South Speyside and the Cabrach","Moray",5.2,5,6,61.9
"S02002074","North Speyside","Moray",5.5,5.5,6,35.5
"S02002075","Rural Keith and Strathisla","Moray",5.4,4.1,6,80.9
"S02002076","Keith and Fife Keith","Moray",5.2,8.7,11,0
"S02002077","Cullen, Portknockie, Findochty, Drybridge and Berryhillock","Moray",5.6,6.7,9,45.4
"S02002078","Buckie Central East","Moray",5.4,11.2,14,0
"S02002079","Buckie West and Mains of Buckie","Moray",5.6,7.9,9,0
"S02002080","Mosstodloch, Portgordon and seaward","Moray",5.6,5,6,64.3
"S02002081","Fochabers, Aultmore, Clochan and Ordiquish","Moray",5.6,6.2,8,34.2
"S02002082","Heldon West, Fogwatt to Inchberry","Moray",5.6,5.8,7,85.3
"S02002083","Lhanbryde, Urquhart, Pitgavney and seaward","Moray",5.5,5.9,8,65.9
"S02002084","Elgin Cathedral to Ashgrove and Pinefield","Moray",5.3,11.7,14,0
"S02002085","New Elgin East","Moray",5.2,11.2,13,0
"S02002086","New Elgin West","Moray",5.4,6.4,7,0
"S02002087","Elgin Central West","Moray",6.1,5.1,5,0
"S02002088","Elgin Bishopmill East and Ladyhill","Moray",5.4,8.2,9,0
"S02002089","Elgin Bishopmill West and Newfield","Moray",5.4,5.1,6,0
"S02002090","Lossiemouth East and Seatown","Moray",5.4,5.1,7,0
"S02002091","Lossiemouth West","Moray",5.4,5.6,8,0
"S02002092","Burghead, Roseisle and Laich","Moray",5.7,4,5,37.6
"S02002093","Findhorn, Kinloss and Pluscarden Valley","Moray",5.3,3.5,7,85.2
"S02002094","Forres Central East and seaward","Moray",5.8,7.9,9,0
"S02002095","Forres South West and Mannachie","Moray",5.1,10.4,14,0
"S02002096","Rafford, Dallas, Dyke to Dava","Moray",5.9,4.8,6,64.9
"S02002097","Arran","North Ayrshire",5.9,5,6,43.2
"S02002098","Springside and Rural","North Ayrshire",5.5,10.9,14,54.3
"S02002099","Irvine Tarryholme","North Ayrshire",5.7,7.9,11,0
"S02002100","Dreghorn","North Ayrshire",5.1,9.7,12,0
"S02002101","Irvine Broomlands","North Ayrshire",5.1,16.1,23,0
"S02002102","Irvine Bourtreehill","North Ayrshire",5.1,18.1,26,0
"S02002103","Irvine Girdle Toll and Staneca","North Ayrshire",5.4,10.7,15,0
"S02002104","Irvine Perceton and Lawthorn","North Ayrshire",5.7,6.7,10,14.7
"S02002105","Irvine Castlepark North","North Ayrshire",5.2,17.9,26,0
"S02002106","Irvine Castlepark South","North Ayrshire",5.2,19.6,30,0
"S02002107","Irvine East","North Ayrshire",5.6,15.6,20,0
"S02002108","Irvine Central","North Ayrshire",5.2,16.8,22,0
"S02002109","Irvine Fullarton","North Ayrshire",5,27,33,0
"S02002110","Stevenston Ardeer","North Ayrshire",5.7,17.2,22,0
"S02002111","Saltcoats Central","North Ayrshire",5.1,25.5,30,0
"S02002112","Ardrossan Central","North Ayrshire",5.1,28.7,32,0
"S02002113","Ardrossan North West","North Ayrshire",5.9,7.7,9,0
"S02002114","Ardrossan North East","North Ayrshire",5.3,14.6,21,0
"S02002115","Saltcoats North West","North Ayrshire",5.9,7.3,8,0
"S02002116","Saltcoats North East","North Ayrshire",5.3,13.2,20,0
"S02002117","Stevenston North West","North Ayrshire",5.3,17.4,20,0
"S02002118","Stevenston Hayocks","North Ayrshire",5.2,17.7,26,0
"S02002119","Kilwinning Whitehirst Park and Woodside","North Ayrshire",5.9,4.4,4,68.2
"S02002120","Kilwinning Pennyburn","North Ayrshire",5,15.1,25,0
"S02002121","Kilwinning West and Blacklands","North Ayrshire",5,18.4,24,0
"S02002122","Kilwinning Central and North","North Ayrshire",5.6,15.9,21,0
"S02002123","Dalry East and Rural","North Ayrshire",5.4,15.3,17,18.4
"S02002124","Dalry West","North Ayrshire",5.6,13.4,19,0
"S02002125","Fairlie and Rural","North Ayrshire",6,6.4,6,100
"S02002126","West Kilbride and Seamill","North Ayrshire",5.9,7.1,9,25.5
"S02002127","Largs South","North Ayrshire",6.1,5.9,7,0
"S02002128","Largs Central and Cumbrae","North Ayrshire",5.8,15.4,17,0
"S02002129","Largs North","North Ayrshire",6,4.8,5,0
"S02002130","Skelmorlie and Rural","North Ayrshire",5.9,5.7,6,56.3
"S02002131","Kilbirnie North","North Ayrshire",5.5,13.4,16,0
"S02002132","Kilbirnie South and Longbar","North Ayrshire",5.3,17.6,24,0
"S02002133","Beith West","North Ayrshire",5.7,11.2,14,0
"S02002134","Beith East and Rural","North Ayrshire",5.7,8.1,10,24.6
"S02002135","Overtown","North Lanarkshire",5.5,13.4,16,0
"S02002136","Netherton and Kirkhill","North Lanarkshire",5.4,10,13,0
"S02002137","Muirhouse","North Lanarkshire",5.5,13.4,16,0
"S02002138","Muirhouse and Knowetop","North Lanarkshire",5.8,8.5,11,0
"S02002139","Craigneuk Wishaw","North Lanarkshire",4.6,23.2,31,0
"S02002140","Pather","North Lanarkshire",4.9,13.2,18,0
"S02002141","Wishaw South","North Lanarkshire",5.1,15.2,21,0
"S02002142","Wishaw North","North Lanarkshire",5.4,11.7,15,0
"S02002143","Coltness","North Lanarkshire",5.2,11.9,16,0
"S02002144","Wishaw East","North Lanarkshire",5.5,8.3,9,0
"S02002145","Newmains","North Lanarkshire",5,15,20,0
"S02002146","Allanton - Newmains Rural","North Lanarkshire",5.5,4.8,7,29.1
"S02002147","Shotts","North Lanarkshire",5.3,10.9,14,0
"S02002148","Stane","North Lanarkshire",5.1,12.8,18,0
"S02002149","Harthill and Salsburgh","North Lanarkshire",5.2,12.3,17,13
"S02002150","Cleland","North Lanarkshire",5.6,8.6,11,34.7
"S02002151","Newarthill","North Lanarkshire",5.1,12.1,16,0
"S02002152","Carfin North","North Lanarkshire",5.5,10,14,0
"S02002153","Clydesdale and New Stevenston","North Lanarkshire",5.5,11.1,14,0
"S02002154","Carfin and Cleekhimin","North Lanarkshire",5.4,11.4,16,0
"S02002155","Motherwell South","North Lanarkshire",5.2,23.5,27,0
"S02002156","Ladywell","North Lanarkshire",5.8,3.4,4,0
"S02002157","Motherwell West","North Lanarkshire",5.3,11.8,18,0
"S02002158","Motherwell North","North Lanarkshire",4.9,15.3,22,0
"S02002159","Forgewood","North Lanarkshire",4.9,16.2,22,0
"S02002160","Holytown","North Lanarkshire",5.4,10.1,15,0
"S02002161","Milnwood","North Lanarkshire",5.6,13.6,17,0
"S02002162","Orbiston","North Lanarkshire",5.3,14.6,20,0
"S02002163","Bellshill South","North Lanarkshire",5.3,13.6,20,0
"S02002164","Hattonrigg","North Lanarkshire",5.7,7.6,9,0
"S02002165","Bellshill Central","North Lanarkshire",5.2,15.6,19,0
"S02002166","Fallside","North Lanarkshire",5.8,11.6,15,0
"S02002167","Viewpark","North Lanarkshire",5.1,14.1,20,0
"S02002168","Birkenshaw","North Lanarkshire",5.8,5.6,6,0
"S02002169","Kirkwood and Bargeddie","North Lanarkshire",5.3,12.9,18,0
"S02002170","Kirkshaws","North Lanarkshire",5.1,13.3,19,0
"S02002171","Dundyvan","North Lanarkshire",5.1,13.9,19,8.8
"S02002172","Drumpellier and Langloan","North Lanarkshire",5.5,11.3,14,42.9
"S02002173","Coatbridge West","North Lanarkshire",5.1,13.5,19,0
"S02002174","Townhead","North Lanarkshire",4.9,15.6,21,0
"S02002175","Sunnyside and Cliftonville","North Lanarkshire",5.2,10.9,14,0
"S02002176","Cliftonville","North Lanarkshire",5.5,18.7,21,0
"S02002177","Shawhead and Whifflet","North Lanarkshire",4.5,14,19,0
"S02002178","Greenend and Carnbroe","North Lanarkshire",5.4,10.1,13,71.1
"S02002179","Calderbank and Brownsburn","North Lanarkshire",5.2,10.9,13,0
"S02002180","Chapelhall West","North Lanarkshire",5.2,11,15,0
"S02002181","Chapelhall East","North Lanarkshire",5.5,6.6,8,47.4
"S02002182","Craigneuk Airdrie","North Lanarkshire",5.4,6.2,8,0
"S02002183","Petersburn","North Lanarkshire",4.8,16.3,24,0
"S02002184","Gartlea","North Lanarkshire",5.1,16.5,25,0
"S02002185","Cairnhill","North Lanarkshire",5.8,5.6,7,17.2
"S02002186","Coatdyke and Whinhall","North Lanarkshire",5.5,10.5,14,0
"S02002187","Thrashbush","North Lanarkshire",5.2,16,22,12.1
"S02002188","Airdrie North","North Lanarkshire",4.6,19.4,27,0
"S02002189","Drumgelloch","North Lanarkshire",5.2,10.4,15,0
"S02002190","Caldercruix and Plains","North Lanarkshire",5.3,14.2,19,48.5
"S02002191","Glenmavis and Greengairs","North Lanarkshire",5.6,7.3,9,72.8
"S02002192","Gartcosh and Marnock","North Lanarkshire",5.6,5.9,8,41.6
"S02002193","Cardowan and Millerston","North Lanarkshire",5.7,6.1,7,65.4
"S02002194","Stepps","North Lanarkshire",6.1,4.2,5,0
"S02002195","Chryston and Muirhead","North Lanarkshire",5.7,8.8,10,0
"S02002196","Moodiesburn West","North Lanarkshire",5.3,11.6,15,0
"S02002197","Moodiesburn East","North Lanarkshire",5.6,5.8,6,24.6
"S02002198","Westfield","North Lanarkshire",5.7,5.1,8,39.4
"S02002199","Condorrat","North Lanarkshire",5.5,8,9,0
"S02002200","Greenfaulds","North Lanarkshire",5.7,8.7,11,0
"S02002201","Seafar","North Lanarkshire",5.3,13.4,19,0
"S02002202","Cumbernauld Central","North Lanarkshire",4.9,15.3,23,0
"S02002203","Kildrum","North Lanarkshire",5.2,11.8,15,0
"S02002204","Abronhill South","North Lanarkshire",5.4,13,16,0
"S02002205","Abronhill North","North Lanarkshire",5.4,8.7,11,0
"S02002206","Village and Castlecary","North Lanarkshire",5.6,10.3,13,0
"S02002207","Carrickstone","North Lanarkshire",6,3.6,4,0
"S02002208","Balloch West","North Lanarkshire",6,2.7,3,0
"S02002209","Balloch East","North Lanarkshire",5.8,6.9,9,0
"S02002210","Kilsyth East and Croy","North Lanarkshire",5.5,8.8,12,28.3
"S02002211","Kilsyth Bogside","North Lanarkshire",4.9,12.6,14,0
"S02002212","Balmalloch","North Lanarkshire",5.2,11,15,0
"S02002213","Stromness, Sandwick and Stenness","Orkney Islands",5.7,4.5,5,33.7
"S02002214","West Mainland","Orkney Islands",5.7,4.1,5,100
"S02002215","East Mainland","Orkney Islands",5.7,3.5,5,57.1
"S02002216","West Kirkwall","Orkney Islands",5.6,8.7,9,0
"S02002217","East Kirkwall","Orkney Islands",5.3,6.9,8,0
"S02002218","Isles","Orkney Islands",5.6,7.4,9,100
"S02002219","Powmill, Cleish and Scotlandwell","Perth and Kinross",5.9,3.4,4,85.9
"S02002220","Kinross","Perth and Kinross",5.9,4.9,6,0
"S02002221","Milnathort and Crook of Devon","Perth and Kinross",5.8,3.8,5,30.5
"S02002222","Muthill, Greenloaning and Gleneagles","Perth and Kinross",5.9,3.4,4,55.5
"S02002223","Auchterarder","Perth and Kinross",5.5,5.2,6,0
"S02002224","Comrie, Gilmerton and St Fillans","Perth and Kinross",5.7,4.1,6,54.1
"S02002225","Crieff North","Perth and Kinross",6.2,5.3,4,0
"S02002226","Crieff South","Perth and Kinross",5.8,9.5,12,0
"S02002227","Aberuthven and Almondbank","Perth and Kinross",5.9,4.1,6,86
"S02002228","Glenfarg, Dunning and Rhynd","Perth and Kinross",5.7,2.4,4,100
"S02002229","Bridge of Earn and Abernethy","Perth and Kinross",5.5,5.3,6,34.5
"S02002230","Moncrieffe and Friarton","Perth and Kinross",5.3,8,11,0
"S02002231","Viewlands, Craigie and Wellshill","Perth and Kinross",5.9,4.9,5,0
"S02002232","Burghmuir and Oakbank","Perth and Kinross",6.1,3.2,3,0
"S02002233","Western Edge","Perth and Kinross",5.8,2.3,2,26.4
"S02002234","Letham","Perth and Kinross",4.9,12.4,18,0
"S02002235","Hillyland, Tulloch and Inveralmond","Perth and Kinross",5.1,12,17,13.5
"S02002236","North Muirton and Old Scone","Perth and Kinross",5.1,10.8,14,0
"S02002237","Muirton","Perth and Kinross",5.4,11.1,15,0
"S02002238","North Inch","Perth and Kinross",5.6,9,12,0
"S02002239","Central and South Inch","Perth and Kinross",5.2,14.2,17,0
"S02002240","Gannochy and Walnut Grove","Perth and Kinross",5.8,9.4,8,33.6
"S02002241","Scone","Perth and Kinross",5.8,5.6,6,0
"S02002242","Guildtown, Balbeggie and St Madoes","Perth and Kinross",5.8,5.4,5,100
"S02002243","Errol and Inchture","Perth and Kinross",5.4,4.5,5,61.3
"S02002244","Invergowrie, Longforgan and Abernyte","Perth and Kinross",6,3.4,5,53.1
"S02002245","Coupar Angus and Meigle","Perth and Kinross",5.4,6.9,9,33.9
"S02002246","Alyth","Perth and Kinross",5.5,8.6,11,0
"S02002247","Blair Atholl, Strathardle and Glenshee","Perth and Kinross",5.8,4.4,5,100
"S02002248","Blairgowrie East (Rattray)","Perth and Kinross",4.8,11.5,16,0
"S02002249","Blairgowrie West","Perth and Kinross",5.6,5.8,8,0
"S02002250","Stanley and Murthly","Perth and Kinross",5.6,4.5,6,68.6
"S02002251","Luncarty and Dunkeld","Perth and Kinross",5.9,5.2,7,54.8
"S02002252","Pitlochry","Perth and Kinross",5.8,4,5,36.2
"S02002253","Rannoch and Aberfeldy","Perth and Kinross",5.5,4.3,6,61.1
"S02002254","Lochwinnoch","Renfrewshire",6,7.7,9,0
"S02002255","Renfrewshire Rural South and Howwood","Renfrewshire",6.1,4.3,5,82.6
"S02002256","Renfrewshire Rural North and Langbank","Renfrewshire",6,3.1,3,56.2
"S02002257","Kilbarchan","Renfrewshire",6.1,6.6,8,0
"S02002258","Johnstone South West","Renfrewshire",5.3,12.6,18,17.5
"S02002259","Johnstone North West","Renfrewshire",5,20.4,26,0
"S02002260","Johnstone North East","Renfrewshire",5.5,15,18,0
"S02002261","Johnstone South East","Renfrewshire",5.2,13.5,15,0
"S02002262","Elderslie and Phoenix","Renfrewshire",5.6,7.9,8,0
"S02002263","Paisley Ferguslie","Renfrewshire",4.9,24.4,35,0
"S02002264","Paisley North West","Renfrewshire",5.4,22,27,0
"S02002265","Paisley West","Renfrewshire",5.4,10.3,16,0
"S02002266","Paisley Foxbar","Renfrewshire",5.5,17.5,20,43.6
"S02002267","Paisley South West","Renfrewshire",6.1,4.1,4,0
"S02002268","Paisley Glenburn West","Renfrewshire",5.3,11.8,16,0
"S02002269","Paisley Glenburn East","Renfrewshire",5.6,10.8,15,0
"S02002270","Paisley South","Renfrewshire",6.1,4.2,4,0
"S02002271","Paisley South East","Renfrewshire",5.5,15.7,18,0
"S02002272","Paisley Dykebar","Renfrewshire",5.8,4.6,5,33.6
"S02002273","Paisley East","Renfrewshire",5.5,15.7,18,0
"S02002274","Paisley Central","Renfrewshire",5.2,14.1,17,0
"S02002275","Paisley North East","Renfrewshire",5.5,14,17,0
"S02002276","Paisley Ralston","Renfrewshire",6.1,3.5,3,0
"S02002277","Paisley Gallowhill and Hillington","Renfrewshire",5,18,27,0
"S02002278","Paisley North","Renfrewshire",5.3,15.4,19,0
"S02002279","Renfrew West","Renfrewshire",5.4,11.5,15,0
"S02002280","Renfrew South","Renfrewshire",5.6,9.3,12,0
"S02002281","Renfrew East","Renfrewshire",5.9,6,6,13.9
"S02002282","Renfrew North","Renfrewshire",5.3,8.5,11,0
"S02002283","Erskine East and Inchinnan","Renfrewshire",5.8,3.4,4,0
"S02002284","Erskine Central","Renfrewshire",5.5,8.4,9,0
"S02002285","Erskine West","Renfrewshire",5.5,6.6,9,0
"S02002286","Bishopton","Renfrewshire",6,3.6,3,0
"S02002287","Linwood South","Renfrewshire",5,18.5,24,0
"S02002288","Linwood North","Renfrewshire",5.4,9.1,14,0
"S02002289","Houston South","Renfrewshire",6.2,2.8,2,54.8
"S02002290","Houston North","Renfrewshire",6.1,3.4,4,0
"S02002291","Bridge of Weir","Renfrewshire",5.8,5.9,7,30.9
"S02002292","Tweeddale West Area","Scottish Borders",6.2,3.7,5,71.4
"S02002293","Peebles North","Scottish Borders",5.7,7,9,0
"S02002294","Peebles South","Scottish Borders",5.7,3.8,4,0
"S02002295","Tweeddale East Area","Scottish Borders",5.7,6.2,8,32.8
"S02002296","Earlston Stow and Clovernfords Area","Scottish Borders",5.9,4.1,6,56.4
"S02002297","Galashiels North","Scottish Borders",5.2,10,11,0
"S02002298","Galashiels West","Scottish Borders",5.2,11.4,14,0
"S02002299","Galashiels South","Scottish Borders",5.6,7.9,10,0
"S02002300","Langlee","Scottish Borders",5,16.9,22,0
"S02002301","Melrose and Tweedbank Area","Scottish Borders",5.9,5.9,7,0
"S02002302","Lauder and Area","Scottish Borders",5.9,3.2,5,41
"S02002303","Berwickshire Central","Scottish Borders",5.8,6.2,7,84.9
"S02002304","Duns","Scottish Borders",5.4,8.7,9,0
"S02002305","Berwickshire East","Scottish Borders",5.7,6.2,8,69.8
"S02002306","Eyemouth","Scottish Borders",5.3,9.9,13,0
"S02002307","Chirnside and Area","Scottish Borders",5.8,5.8,7,64
"S02002308","Coldstream and Area","Scottish Borders",5.8,8.3,10,32
"S02002309","Cheviot East","Scottish Borders",5.7,5.3,6,72.9
"S02002310","Kelso North","Scottish Borders",5.6,8.5,10,0
"S02002311","Kelso South","Scottish Borders",5.4,9.7,12,0
"S02002312","Cheviot West","Scottish Borders",5.8,4.3,5,100
"S02002313","St Boswells and Newtown Area","Scottish Borders",5.6,5.8,7,23.6
"S02002314","Jedburgh","Scottish Borders",5.3,9.7,14,0
"S02002315","Denholm and Hermitage","Scottish Borders",5.6,5.2,8,63.7
"S02002316","Burnfoot","Scottish Borders",4.6,16.5,25,0
"S02002317","Hawick Central","Scottish Borders",5.3,12,13,0
"S02002318","Hawick West End","Scottish Borders",5.6,10.3,11,0
"S02002319","Hawick North","Scottish Borders",5.2,11.7,13,0
"S02002320","Ettrick Yarrow and Liliesleaf Area","Scottish Borders",5.9,3.7,4,100
"S02002321","Selkirk","Scottish Borders",5.5,10.2,12,0
"S02002322","Shetland South","Shetland Islands",5.7,4.2,4,100
"S02002323","Lerwick South","Shetland Islands",5.8,6.5,6,32.7
"S02002324","Lerwick North","Shetland Islands",5.6,8.2,8,17.3
"S02002325","Central Shetland","Shetland Islands",5.6,4.5,5,72.6
"S02002326","East and West Mainland","Shetland Islands",5.7,3.5,4,100
"S02002327","North Mainland","Shetland Islands",5.7,5,5,57.8
"S02002328","North and East Isles","Shetland Islands",5.8,3.7,6,100
"S02002329","Carrick South","South Ayrshire",5.6,8.5,11,100
"S02002330","Girvan Glendoune","South Ayrshire",5.6,16.3,22,0
"S02002331","Girvan Ailsa","South Ayrshire",5.5,12.2,16,0
"S02002332","Maybole","South Ayrshire",5.6,12.7,15,0
"S02002333","Carrick North","South Ayrshire",6,6.2,7,86.9
"S02002334","Coylton","South Ayrshire",5.4,6,7,50.5
"S02002335","Alloway and Doonfoot","South Ayrshire",6.3,2.9,3,22.7
"S02002336","Castlehill and Kincaidston","South Ayrshire",5.5,10.8,15,0
"S02002337","Belmont","South Ayrshire",5.9,6.2,8,0
"S02002338","Holmston and Forehill","South Ayrshire",5.7,6.7,8,0
"S02002339","Ayr South Harbour and Town Centre","South Ayrshire",5.9,11.6,12,0
"S02002340","Ayr North Harbour, Wallacetown and Newton South","South Ayrshire",5.1,25.5,31,0
"S02002341","Craigie","South Ayrshire",5.8,12.6,18,0
"S02002342","Dalmilling","South Ayrshire",5,20,29,0
"S02002343","Lochside, Braehead and Whitletts","South Ayrshire",4.9,22,29,0
"S02002344","Newton North","South Ayrshire",5.8,8.8,10,0
"S02002345","Heathfield","South Ayrshire",5.7,8.9,12,21.4
"S02002346","Prestwick West","South Ayrshire",6,4.1,4,0
"S02002347","Prestwick East","South Ayrshire",5.7,5.9,7,0
"S02002348","Prestwick Airport and Monkton","South Ayrshire",5.5,6.2,8,0
"S02002349","Annbank, Mossblown and Tarbolton - the Coalfields","South Ayrshire",5.3,9.7,13,55.7
"S02002350","Dundonald, Loans and Symington","South Ayrshire",5.6,7.7,9,41.2
"S02002351","Muirhead","South Ayrshire",5.9,5.4,7,0
"S02002352","Barassie","South Ayrshire",5.4,13.4,15,0
"S02002353","Troon","South Ayrshire",5.9,6.6,7,0
"S02002354","Clydesdale South","South Lanarkshire",5.6,7.4,8,100
"S02002355","Biggar, Symington, Thankerton and Dolphinton","South Lanarkshire",5.8,5,7,53.1
"S02002356","Carstairs, Carstairs Junction and Carnwath","South Lanarkshire",5.1,11.3,13,40.2
"S02002357","Forth, Braehead and Auchengray","South Lanarkshire",5.6,9.5,13,40.5
"S02002358","Law","South Lanarkshire",5.5,7.7,9,0
"S02002359","Carluke West","South Lanarkshire",5.9,5.2,5,0
"S02002360","Carluke North","South Lanarkshire",5.5,14.2,18,0
"S02002361","Carluke East","South Lanarkshire",5.2,11,16,21
"S02002362","Carluke South","South Lanarkshire",5.3,9.7,12,0
"S02002363","Crossford, Braidwood and Yieldshields","South Lanarkshire",5.9,6.4,7,80
"S02002364","Lanark North West","South Lanarkshire",5.7,10.5,9,0
"S02002365","Lanark North East","South Lanarkshire",5.4,10.6,14,0
"S02002366","Lanark South","South Lanarkshire",5.8,9.2,13,0
"S02002367","Hazelbank and Kirkfieldbank","South Lanarkshire",5.6,8.1,10,100
"S02002368","Douglas, Coalburn and Rigside","South Lanarkshire",5.3,16.1,20,24.9
"S02002369","Lesmahagow","South Lanarkshire",5.3,11.7,16,0
"S02002370","Kirkmuirhill and Blackwood","South Lanarkshire",5.2,7.9,12,0
"S02002371","Ashgill and Netherburn","South Lanarkshire",5.2,10.8,17,59.5
"S02002372","Merryton and Meadowhill","South Lanarkshire",5.6,7.5,11,0
"S02002373","Larkhall Central, Raploch, Millheugh and Burnhead","South Lanarkshire",5.4,8.6,13,0
"S02002374","Hareleeshill","South Lanarkshire",5.3,14.2,20,0
"S02002375","Strutherhill","South Lanarkshire",4.8,17.7,27,0
"S02002376","Stonehouse","South Lanarkshire",5.5,9,12,0
"S02002377","Strathaven South","South Lanarkshire",6,7,7,0
"S02002378","Strathaven North","South Lanarkshire",6,5.7,6,0
"S02002379","Chapelton, Glengavel and Sandford","South Lanarkshire",5.8,3.4,4,100
"S02002380","Glassford, Quarter and Allanton","South Lanarkshire",6,5.5,6,49.6
"S02002381","Eddlewood","South Lanarkshire",5.6,7.2,9,0
"S02002382","Low Waters","South Lanarkshire",5.5,16.6,22,0
"S02002383","Silvertonhill","South Lanarkshire",5.9,6.6,8,0
"S02002384","Hamilton Centre and Low Parks","South Lanarkshire",6,8.7,12,0
"S02002385","Laighstonehall","South Lanarkshire",5.4,15.3,18,0
"S02002386","Fairhill","South Lanarkshire",4.9,17.2,29,0
"S02002387","Woodhead and Meikle Earnock","South Lanarkshire",5.3,12.3,17,0
"S02002388","Little Earnock","South Lanarkshire",5.8,4.9,7,64.1
"S02002389","Earnock","South Lanarkshire",5.9,3.1,4,0
"S02002390","Hillhouse","South Lanarkshire",4.9,17.2,25,0
"S02002391","High Blantyre","South Lanarkshire",4.9,15.2,21,0
"S02002392","Blantyre South and Wheatlands","South Lanarkshire",5.1,16.1,21,0
"S02002393","Low Blantyre and Bardykes","South Lanarkshire",5.6,8.2,10,34.3
"S02002394","Blantytre North and Coatshill","South Lanarkshire",5.3,12.6,18,0
"S02002395","Burnbank North","South Lanarkshire",5.2,12.9,19,0
"S02002396","Burnbank Central and Udston","South Lanarkshire",4.9,19.7,26,0
"S02002397","Burnbank South and Chantinghall","South Lanarkshire",5.7,9.9,13,0
"S02002398","Whitehill","South Lanarkshire",4.8,14.6,23,0
"S02002399","Bothwell South","South Lanarkshire",5.9,3.3,4,16.4
"S02002400","Bothwell North","South Lanarkshire",5.4,8.7,11,19.5
"S02002401","Uddingston and Gardenside","South Lanarkshire",5.8,6.4,7,0
"S02002402","Halfway, Hallside and Drumsagard","South Lanarkshire",5.8,5.9,8,36.3
"S02002403","Westburn and Newton","South Lanarkshire",5.3,10.8,16,0
"S02002404","Vicarland and Cairns","South Lanarkshire",5.2,15.9,21,0
"S02002405","Whitlawburn and Greenlees","South Lanarkshire",5.7,11.7,15,0
"S02002406","Cambuslang Central","South Lanarkshire",5.6,8.1,12,0
"S02002407","Burgh, Eastfield and Silverbank","South Lanarkshire",5.7,7.2,9,0
"S02002408","Farme Cross and Gallowflat North","South Lanarkshire",5.2,15.9,20,0
"S02002409","Shawfield and Clincarthill","South Lanarkshire",5.3,17.8,21,0
"S02002410","Burnhill and Bankhead North","South Lanarkshire",5,14.8,23,0
"S02002411","Bankhead South","South Lanarkshire",5.6,8.2,11,0
"S02002412","Spittal","South Lanarkshire",5.4,16.1,23,0
"S02002413","High Crosshill","South Lanarkshire",6.1,3.8,4,0
"S02002414","Burnside and Springhall","South Lanarkshire",5.6,12.4,16,0
"S02002415","Fernhill and Cathkin","South Lanarkshire",5.3,15.3,21,0
"S02002416","Nerston and EK Landward Area","South Lanarkshire",5.8,7.1,9,44.7
"S02002417","Calderwood East","South Lanarkshire",5.6,10.2,13,0
"S02002418","Calderwood Central","South Lanarkshire",5.5,10.8,15,0
"S02002419","Calderwood West and Nerston","South Lanarkshire",5.6,7.6,11,0
"S02002420","St Leonards North","South Lanarkshire",5.9,6.9,7,0
"S02002421","St Leonards South","South Lanarkshire",5.8,6.3,7,0
"S02002422","East Mains","South Lanarkshire",5.7,11.1,12,0
"S02002423","West Mains","South Lanarkshire",5.8,8.4,11,0
"S02002424","Stewartfield East","South Lanarkshire",6.3,2.7,2,100
"S02002425","Stewartfield West","South Lanarkshire",6,4.3,5,50.2
"S02002426","Thorntonhall, Jackton and Gardenhall","South Lanarkshire",6.2,1.7,2,49.3
"S02002427","Hairmyres and Westwood West","South Lanarkshire",5.9,6.3,8,0
"S02002428","Mossneuk and Newlandsmuir","South Lanarkshire",5.8,5.1,7,0
"S02002429","Crosshouse and Lindsayfield","South Lanarkshire",5.6,6.6,9,0
"S02002430","Whitehills West","South Lanarkshire",5.1,12.2,17,0
"S02002431","Greenhills","South Lanarkshire",5.2,11.8,16,0
"S02002432","Westwood South","South Lanarkshire",5.4,7,10,0
"S02002433","Westwood East","South Lanarkshire",5.6,9.2,12,0
"S02002434","The Murray","South Lanarkshire",5.5,11,15,0
"S02002435","Birniehill, Kelvin and Whitehills East","South Lanarkshire",5.5,9.7,12,11.6
"S02002436","Blane Valley","Stirling",6,3.7,4,55.9
"S02002437","Balfron and Drymen","Stirling",6,4.4,5,14.7
"S02002438","Kippen and Fintry","Stirling",6.1,4.3,5,73.3
"S02002439","Cambusbarron","Stirling",5.8,4.9,5,25
"S02002440","Plean and Rural SE","Stirling",5.2,10.8,14,35.8
"S02002441","Cowie","Stirling",5.2,11.4,15,0
"S02002442","Fallin","Stirling",5.1,11.3,15,0
"S02002443","Bannockburn","Stirling",5.8,6.5,9,0
"S02002444","Hillpark","Stirling",5.3,9.9,13,0
"S02002445","Broomridge","Stirling",5.5,11.1,12,0
"S02002446","Borestone","Stirling",5.5,12.3,16,0
"S02002447","King's Park and Torbrex","Stirling",6.2,3.3,4,0
"S02002448","Braehead","Stirling",5.5,12.9,14,0
"S02002449","City Centre","Stirling",5.4,6.9,9,0
"S02002450","Raploch","Stirling",4.9,20.9,30,0
"S02002451","Cornton","Stirling",5.3,9.3,14,0
"S02002452","Causewayhead","Stirling",6,2.9,3,0
"S02002453","Bridge of Allan and University","Stirling",5.9,2.1,3,0
"S02002454","Forth","Stirling",6,4.7,6,18.8
"S02002455","Dunblane East","Stirling",6.3,2.5,3,29.8
"S02002456","Dunblane West","Stirling",6,4.9,6,0
"S02002457","Carse of Stirling","Stirling",6,5.1,6,68.9
"S02002458","Callander and Trossachs","Stirling",6,5.9,8,23.3
"S02002459","Highland","Stirling",5.8,5.5,7,81.4
"S02002460","Whitecrook","West Dunbartonshire",5.3,16.1,23,0
"S02002461","Singer and Clydebank South","West Dunbartonshire",5.1,18.2,25,0
"S02002462","Drumry","West Dunbartonshire",5.2,20,27,0
"S02002463","Clydebank","West Dunbartonshire",5.3,14.2,20,0
"S02002464","Clydebank North","West Dunbartonshire",5.6,7.7,11,0
"S02002465","Clydebank east","West Dunbartonshire",5.3,15.3,23,100
"S02002466","Duntocher","West Dunbartonshire",5.8,8.3,10,77
"S02002467","Dalmuir","West Dunbartonshire",5.1,20,24,0
"S02002468","Kilpatrick","West Dunbartonshire",5.9,6.4,8,12.4
"S02002469","Bowling","West Dunbartonshire",5.7,7.6,8,39.1
"S02002470","Dumbarton east","West Dunbartonshire",5.5,12.2,16,0
"S02002471","Dumbarton","West Dunbartonshire",5.8,7.2,9,0
"S02002472","Dalreoch","West Dunbartonshire",5.5,16.8,23,25.6
"S02002473","Leven","West Dunbartonshire",5.8,12.1,15,10.6
"S02002474","Bonhill","West Dunbartonshire",5.2,13.2,20,7.2
"S02002475","Alexandria","West Dunbartonshire",5.4,15.9,21,0
"S02002476","Balloch","West Dunbartonshire",5.6,12,15,0
"S02002477","Lomond","West Dunbartonshire",5.3,13.1,19,31.1
"S02002478","Fauldhouse","West Lothian",5.4,14,16,0
"S02002479","Breich Valley","West Lothian",5.4,9.3,12,18.2
"S02002480","West Calder and Polbeth","West Lothian",5.3,11,14,0
"S02002481","Bellsquarry, Adambrae and Kirkton","West Lothian",5.9,5.2,6,0
"S02002482","Bankton and Murieston","West Lothian",6.1,2.3,2,41.5
"S02002483","Dedridge East","West Lothian",5.2,12.2,16,0
"S02002484","Mid Calder and Kirknewton","West Lothian",5.9,3.4,4,29
"S02002485","East Calder","West Lothian",5.7,5.7,7,12
"S02002486","Pumpherston and Uphall Station","West Lothian",5.5,9.1,12,61.2
"S02002487","Craigshill","West Lothian",5,14.7,21,0
"S02002488","Howden","West Lothian",5.5,10.6,15,0
"S02002489","Livingston Village and Eliburn South","West Lothian",5.8,4.9,6,0
"S02002490","Ladywell","West Lothian",5.5,15.7,22,0
"S02002491","Knightsridge","West Lothian",5.3,10.1,14,0
"S02002492","Knightsridge and Deans North","West Lothian",5.9,3.5,4,0
"S02002493","Deans","West Lothian",5.1,14.3,19,0
"S02002494","Carmondean and Eliburn North","West Lothian",5.5,7.9,11,0
"S02002495","Seafield","West Lothian",5.7,9.9,12,0
"S02002496","Blackburn","West Lothian",5,16.2,21,0
"S02002497","Blaeberry Hill and East Whitburn","West Lothian",5.6,10.2,14,21.5
"S02002498","Whitburn Central","West Lothian",5.2,17.5,23,0
"S02002499","Whitburn, Croftmalloch and Greenrigg","West Lothian",5.2,8.5,10,0
"S02002500","Armadale","West Lothian",5.5,11.2,13,0
"S02002501","Armadale South","West Lothian",5.3,9.9,13,0
"S02002502","Bathgate, Wester Inch and Inchcross","West Lothian",5.6,4.4,6,0
"S02002503","Bathgate and Boghall","West Lothian",5.3,12,17,0
"S02002504","Bathgate East","West Lothian",5.4,11.8,14,0
"S02002505","Bathgate West","West Lothian",5.7,8.8,11,8.1
"S02002506","Blackridge, Westfield and Torphichen","West Lothian",5.5,8,11,43.1
"S02002507","Linlithgow South","West Lothian",6.1,4.1,5,9.5
"S02002508","Linlithgow Bridge","West Lothian",6,6,6,0
"S02002509","Linlithgow North","West Lothian",6.3,2.4,2,0
"S02002510","Winchburgh, Bridgend and Philpstoun","West Lothian",5.4,7.5,10,34.3
"S02002511","Broxburn Kirkhill","West Lothian",5.7,9.3,12,0
"S02002512","Uphall, Dechmont and Ecclesmachan","West Lothian",5.4,7.9,11,17.1
"S02002513","Broxburn South","West Lothian",5.7,4.4,5,0
"S02002514","Broxburn East","West Lothian",5.5,9.2,10,0
